{"TimeStamp":"2025-08-29T18:15:21Z","SiteName":"saxtech-metrics-api","RequestId":"91eac72c-c194-4fea-941f-c5293571360a","Kind":"ZipDeploy","Status":"Success","Details":"{\"Id\":\"5c6cb914d8b5416e91e9dcf3a3ec07bd\",\"Status\":4,\"StatusText\":\"\",\"AuthorEmail\":\"N/A\",\"Author\":\"N/A\",\"Message\":\"Created via a push deployment\",\"Progress\":\"\",\"Deployer\":\"ZipDeploy\",\"ReceivedTime\":\"2025-08-29T18:15:19.189549Z\",\"StartTime\":\"2025-08-29T18:15:19.8458051Z\",\"EndTime\":\"2025-08-29T18:15:21.1583077Z\",\"LastSuccessEndTime\":\"2025-08-29T18:15:21.1583077Z\",\"Complete\":true,\"IsTemporary\":false,\"IsReadOnly\":true,\"SiteName\":\"saxtech-metrics-api\",\"HostName\":\"saxtech-metrics-api.scm.azurewebsites.net\",\"ProjectType\":\"Run-From-Zip\",\"VsProjectId\":null}"}