﻿<?xml version="1.0" encoding="utf-8"?>
<deployment>
  <id>1257877860214c4380717135c573d521</id>
  <author>N/A</author>
  <deployer>ZipDeploy</deployer>
  <authorEmail>N/A</authorEmail>
  <message>Created via a push deployment</message>
  <progress></progress>
  <status>Success</status>
  <statusText></statusText>
  <lastSuccessEndTime>2025-08-29T04:05:48.9376641Z</lastSuccessEndTime>
  <receivedTime>2025-08-29T04:05:46.7657904Z</receivedTime>
  <startTime>2025-08-29T04:05:47.4689118Z</startTime>
  <endTime>2025-08-29T04:05:48.9376641Z</endTime>
  <complete>True</complete>
  <is_temp>False</is_temp>
  <is_readonly>True</is_readonly>
  <project_type>Run-From-Zip</project_type>
  <vsproject_id></vsproject_id>
</deployment>