<step title="Incoming Request" date="2025-08-29T17:50:16.023" instance="273a91" url="/api/zipdeploy" method="POST" type="request" pid="6728,2,9" Content-Length="18932990" Content-Type="application/zip" Authorization="Bea..." Host="saxtech-metrics-api.scm.azurewebsites.net" If-Match="*" User-Agent="functions-core-tools/4.0.7317" X-ARR-LOG-ID="aee8f982-c89d-46fc-acd4-17c0b236fd18" CLIENT-IP="71.217.130.52:55927" X-SITE-DEPLOYMENT-ID="saxtech-metrics-api" WAS-DEFAULT-HOSTNAME="saxtech-metrics-api.scm.azurewebsites.net" X-Forwarded-Proto="https" X-AppService-Proto="https" X-Forwarded-TlsVersion="1.2" X-WAWS-Unencoded-URL="/api/zipdeploy" >
  <step title="ZipPushDeploy" date="2025-08-29T17:50:16.101" >
    <step title="Functions App ZipDeploy. Run from package." date="2025-08-29T17:50:16.132" /><!-- duration: 31ms -->
    <step title="Starting PushDeployAsync" date="2025-08-29T17:50:16.179" /><!-- duration: 16ms -->
    <step title="Updating shutdown sentinel last write time" date="2025-08-29T17:50:16.241" SemaphoreCount="7" /><!-- duration: 16ms -->
    <step title="LockFile &apos;C:\home\site\locks\deployments.lock&apos; acquired" date="2025-08-29T17:50:16.273" /><!-- duration: 16ms -->
    <step title="Saving request content to C:\home\data\SitePackages\20250829175016.zip" date="2025-08-29T17:50:16.319" >
      <step title="Total 18,932,990 bytes written to C:\home\data\SitePackages\20250829175016.zip" date="2025-08-29T17:50:16.585" /><!-- duration: 16ms -->
    </step><!-- duration: 1313ms -->
    <step title="LockFile &apos;C:\home\site\locks\deployments.lock&apos; released" date="2025-08-29T17:50:17.663" /><!-- duration: 16ms -->
    <step title="Deleting shutdown sentinel file" date="2025-08-29T17:50:17.710" SemaphoreCount="8" /><!-- duration: 31ms -->
    <step title="Starting FetchDeploy" date="2025-08-29T17:50:17.757" /><!-- duration: 16ms -->
    <step title="Attempting to fetch target branch HEAD" date="2025-08-29T17:50:17.788" /><!-- duration: 31ms -->
    <step title="Updating shutdown sentinel last write time" date="2025-08-29T17:50:17.851" SemaphoreCount="7" /><!-- duration: 16ms -->
    <step title="LockFile &apos;C:\home\site\locks\deployments.lock&apos; acquired" date="2025-08-29T17:50:17.882" /><!-- duration: 16ms -->
    <step title="Performing fetch based deployment" date="2025-08-29T17:50:17.991" >
      <step title="Creating temporary deployment" date="2025-08-29T17:50:18.023" /><!-- duration: 125ms -->
      <step title="Fetching changes." date="2025-08-29T17:50:18.320" /><!-- duration: 31ms -->
      <step title="Starting LocalZipHandler" date="2025-08-29T17:50:18.383" /><!-- duration: 31ms -->
      <step title="Starting ExtractTriggers" date="2025-08-29T17:50:18.430" /><!-- duration: 31ms -->
      <step title="None repository commit" date="2025-08-29T17:50:19.790" >
        <step title="Commit id: af9abc33ce504f9eabaa4507338381ef" date="2025-08-29T17:50:19.806" Message="Created via a push deployment" AuthorName="N/A" AuthorEmail="N/A" /><!-- duration: 63ms -->
      </step><!-- duration: 109ms -->
      <step title="Before sending BuildRequestReceived status to /api/updatedeploystatus" date="2025-08-29T17:50:19.915" /><!-- duration: 16ms -->
      <step title="DeploymentManager.Deploy(id:af9abc33ce504f9eabaa4507338381ef)" date="2025-08-29T17:50:19.962" >
        <step title="Collecting changeset information" date="2025-08-29T17:50:19.993" /><!-- duration: 156ms -->
        <step title="Updating submodules" date="2025-08-29T17:50:20.181" >
          <step title="Updating submodules." date="2025-08-29T17:50:20.353" /><!-- duration: 31ms -->
        </step><!-- duration: 250ms -->
        <step title="Preparing deployment for commit id &apos;af9abc33ce&apos;." date="2025-08-29T17:50:20.587" /><!-- duration: 16ms -->
        <step title="Determining deployment builder" date="2025-08-29T17:50:20.759" >
          <step title="Builder is RunFromZipSiteBuilder" date="2025-08-29T17:50:20.774" /><!-- duration: 31ms -->
        </step><!-- duration: 63ms -->
        <step title="Copying SSH keys" date="2025-08-29T17:50:20.915" /><!-- duration: 31ms -->
        <step title="Building" date="2025-08-29T17:50:20.978" >
          <step title="Skipping build. Project type: Run-From-Zip" date="2025-08-29T17:50:21.149" /><!-- duration: 16ms -->
          <step title="Skipping post build. Project type: Run-From-Zip" date="2025-08-29T17:50:21.353" /><!-- duration: 16ms -->
          <step title="Triggering recycle (preview mode disabled)." date="2025-08-29T17:50:21.571" /><!-- duration: 31ms -->
          <step title="Ignoring FS watcher based recycle request as this is a classic Windows app." date="2025-08-29T17:50:21.634" /><!-- duration: 31ms -->
          <step title="Deployment successful. DEPLOYMENTINFO: deploymentPath = Functions App ZipDeploy. Run from package., deployer = ZipDeploy, os = windows, sku = Dynamic, language = node, siteName = saxtech-metrics-api, slotName = Production, siteHostName = saxtech-metrics-api.azurewebsites.net, deploymentStatus = Success" date="2025-08-29T17:50:21.837" /><!-- duration: 16ms -->
        </step><!-- duration: 1359ms -->
      </step><!-- duration: 2391ms -->
      <step title="Cleaning up temp files" date="2025-08-29T17:50:22.368" /><!-- duration: 16ms -->
      <step title="Updating C:\home\data\SitePackages\packagename.txt with deployment 20250829175016.zip" date="2025-08-29T17:50:22.415" /><!-- duration: 47ms -->
      <step title="Begin HttpPost https://saxtech-metrics-api.scm.azurewebsites.net/operations/settriggers, x-ms-request-id: aee8f982-c89d-46fc-acd4-17c0b236fd18" date="2025-08-29T17:50:22.493" /><!-- duration: 31ms -->
      <step title="End HttpPost, status: OK" date="2025-08-29T17:50:22.618" /><!-- duration: 31ms -->
      <step title="Scheduling background sync triggers after delay" date="2025-08-29T17:50:22.665" /><!-- duration: 16ms -->
    </step><!-- duration: 4893ms -->
    <step title="LockFile &apos;C:\home\site\locks\deployments.lock&apos; released" date="2025-08-29T17:50:22.915" /><!-- duration: 16ms -->
  </step><!-- duration: 6877ms -->
  <step title="Outgoing response" date="2025-08-29T17:50:23.009" type="response" statusCode="200" statusText="OK" Server="Microsoft-IIS/10.0" x-ms-request-id="aee8f982-c89d-46fc-acd4-17c0b236fd18" Cache-Control="private" X-AspNet-Version="4.0.30319" /><!-- duration: 16ms -->
</step><!-- duration: 7018ms -->
