{"TimeStamp":"2025-08-29T05:54:50Z","SiteName":"saxtech-metrics-api","RequestId":"a2747f24-849c-11f0-89a0-cee493d8ca02","Kind":"az_cli_functions","Status":"Success","Details":"{\"Id\":\"a91ce9cfab72401bb9209052734f3b5e\",\"Status\":4,\"StatusText\":\"\",\"AuthorEmail\":\"N/A\",\"Author\":\"N/A\",\"Message\":\"Created via a push deployment\",\"Progress\":\"\",\"Deployer\":\"az_cli_functions\",\"ReceivedTime\":\"2025-08-29T05:54:48.6103807Z\",\"StartTime\":\"2025-08-29T05:54:49.297877Z\",\"EndTime\":\"2025-08-29T05:54:50.6572326Z\",\"LastSuccessEndTime\":\"2025-08-29T05:54:50.6572326Z\",\"Complete\":true,\"IsTemporary\":false,\"IsReadOnly\":true,\"SiteName\":\"saxtech-metrics-api\",\"HostName\":\"saxtech-metrics-api.scm.azurewebsites.net\",\"ProjectType\":\"Run-From-Zip\",\"VsProjectId\":null}"}