﻿<?xml version="1.0" encoding="utf-8"?>
<deployment>
  <id>4a884b7cf93045b8870211f377aa40d4</id>
  <author>N/A</author>
  <deployer>ZipDeploy</deployer>
  <authorEmail>N/A</authorEmail>
  <message>Created via a push deployment</message>
  <progress></progress>
  <status>Success</status>
  <statusText></statusText>
  <lastSuccessEndTime>2025-08-29T02:30:39.2206029Z</lastSuccessEndTime>
  <receivedTime>2025-08-29T02:30:37.4862528Z</receivedTime>
  <startTime>2025-08-29T02:30:38.0174956Z</startTime>
  <endTime>2025-08-29T02:30:39.2206029Z</endTime>
  <complete>True</complete>
  <is_temp>False</is_temp>
  <is_readonly>True</is_readonly>
  <project_type>Run-From-Zip</project_type>
  <vsproject_id></vsproject_id>
</deployment>