﻿<?xml version="1.0" encoding="utf-8"?>
<deployment>
  <id>5c6cb914d8b5416e91e9dcf3a3ec07bd</id>
  <author>N/A</author>
  <deployer>ZipDeploy</deployer>
  <authorEmail>N/A</authorEmail>
  <message>Created via a push deployment</message>
  <progress></progress>
  <status>Success</status>
  <statusText></statusText>
  <lastSuccessEndTime>2025-08-29T18:15:21.1583077Z</lastSuccessEndTime>
  <receivedTime>2025-08-29T18:15:19.189549Z</receivedTime>
  <startTime>2025-08-29T18:15:19.8458051Z</startTime>
  <endTime>2025-08-29T18:15:21.1583077Z</endTime>
  <complete>True</complete>
  <is_temp>False</is_temp>
  <is_readonly>True</is_readonly>
  <project_type>Run-From-Zip</project_type>
  <vsproject_id></vsproject_id>
</deployment>