<Events><Event><System><Provider Name="IIS AspNetCore Module V2"/><EventID>1033</EventID><Level>4</Level><Task>0</Task><Keywords>Keywords</Keywords><TimeCreated SystemTime="2025-08-29T02:04:09Z"/><EventRecordID>190627406</EventRecordID><Channel>Application</Channel><Computer>10-30-1-28</Computer><Security/></System><EventData><Data>Application 'MACHINE/WEBROOT/APPHOST/MAWSFNPLACEHOLDER229_F_V4_NODE_22_X86' has shutdown.</Data><Data>Process Id: 7380.</Data><Data>File Version: 18.0.25107.16. Description: IIS ASP.NET Core Module V2 Request Handler. Commit: </Data></EventData></Event><Event><System><Provider Name="IIS AspNetCore Module V2"/><EventID>1033</EventID><Level>4</Level><Task>0</Task><Keywords>Keywords</Keywords><TimeCreated SystemTime="2025-08-29T02:54:57Z"/><EventRecordID>195283750</EventRecordID><Channel>Application</Channel><Computer>10-30-1-7</Computer><Security/></System><EventData><Data>Application 'MACHINE/WEBROOT/APPHOST/MAWSFNPLACEHOLDER277_F_V4_NODE_22_X86' has shutdown.</Data><Data>Process Id: 4972.</Data><Data>File Version: 18.0.25107.16. Description: IIS ASP.NET Core Module V2 Request Handler. Commit: </Data></EventData></Event><Event><System><Provider Name="IIS AspNetCore Module V2"/><EventID>1032</EventID><Level>4</Level><Task>0</Task><Keywords>Keywords</Keywords><TimeCreated SystemTime="2025-08-29T02:55:09Z"/><EventRecordID>195296046</EventRecordID><Channel>Application</Channel><Computer>10-30-1-7</Computer><Security/></System><EventData><Data>Application 'C:\Program Files (x86)\SiteExtensions\Functions\4.1042.100\32bit\' started successfully.</Data><Data>Process Id: 6804.</Data><Data>File Version: 18.0.25107.16. Description: IIS ASP.NET Core Module V2 Request Handler. Commit: </Data></EventData></Event><Event><System><Provider Name="IIS AspNetCore Module V2"/><EventID>1033</EventID><Level>4</Level><Task>0</Task><Keywords>Keywords</Keywords><TimeCreated SystemTime="2025-08-29T03:01:29Z"/><EventRecordID>195675734</EventRecordID><Channel>Application</Channel><Computer>10-30-1-7</Computer><Security/></System><EventData><Data>Application 'MACHINE/WEBROOT/APPHOST/MAWSFNPLACEHOLDER277_F_V4_NODE_22_X86' has shutdown.</Data><Data>Process Id: 6804.</Data><Data>File Version: 18.0.25107.16. Description: IIS ASP.NET Core Module V2 Request Handler. Commit: </Data></EventData></Event><Event><System><Provider Name="IIS AspNetCore Module V2"/><EventID>1032</EventID><Level>4</Level><Task>0</Task><Keywords>Keywords</Keywords><TimeCreated SystemTime="2025-08-29T03:01:41Z"/><EventRecordID>195687546</EventRecordID><Channel>Application</Channel><Computer>10-30-1-7</Computer><Security/></System><EventData><Data>Application 'C:\Program Files (x86)\SiteExtensions\Functions\4.1042.100\32bit\' started successfully.</Data><Data>Process Id: 8088.</Data><Data>File Version: 18.0.25107.16. Description: IIS ASP.NET Core Module V2 Request Handler. Commit: </Data></EventData></Event><Event><System><Provider Name="IIS AspNetCore Module V2"/><EventID>1033</EventID><Level>4</Level><Task>0</Task><Keywords>Keywords</Keywords><TimeCreated SystemTime="2025-08-29T03:03:26Z"/><EventRecordID>195792390</EventRecordID><Channel>Application</Channel><Computer>10-30-1-7</Computer><Security/></System><EventData><Data>Application 'MACHINE/WEBROOT/APPHOST/MAWSFNPLACEHOLDER277_F_V4_NODE_22_X86' has shutdown.</Data><Data>Process Id: 8088.</Data><Data>File Version: 18.0.25107.16. Description: IIS ASP.NET Core Module V2 Request Handler. Commit: </Data></EventData></Event><Event><System><Provider Name="IIS AspNetCore Module V2"/><EventID>1032</EventID><Level>4</Level><Task>0</Task><Keywords>Keywords</Keywords><TimeCreated SystemTime="2025-08-29T03:03:35Z"/><EventRecordID>195801281</EventRecordID><Channel>Application</Channel><Computer>10-30-1-7</Computer><Security/></System><EventData><Data>Application 'C:\Program Files (x86)\SiteExtensions\Functions\4.1042.100\32bit\' started successfully.</Data><Data>Process Id: 2916.</Data><Data>File Version: 18.0.25107.16. Description: IIS ASP.NET Core Module V2 Request Handler. Commit: </Data></EventData></Event><Event><System><Provider Name="IIS AspNetCore Module V2"/><EventID>1033</EventID><Level>4</Level><Task>0</Task><Keywords>Keywords</Keywords><TimeCreated SystemTime="2025-08-29T03:34:06Z"/><EventRecordID>197632687</EventRecordID><Channel>Application</Channel><Computer>10-30-1-7</Computer><Security/></System><EventData><Data>Application 'MACHINE/WEBROOT/APPHOST/MAWSFNPLACEHOLDER277_F_V4_NODE_22_X86' has shutdown.</Data><Data>Process Id: 2916.</Data><Data>File Version: 18.0.25107.16. Description: IIS ASP.NET Core Module V2 Request Handler. Commit: </Data></EventData></Event><Event><System><Provider Name="IIS AspNetCore Module V2"/><EventID>1033</EventID><Level>4</Level><Task>0</Task><Keywords>Keywords</Keywords><TimeCreated SystemTime="2025-08-29T03:58:42Z"/><EventRecordID>199166859</EventRecordID><Channel>Application</Channel><Computer>10-30-1-55</Computer><Security/></System><EventData><Data>Application 'MACHINE/WEBROOT/APPHOST/MAWSFNPLACEHOLDER293_F_V4_NODE_22_X86' has shutdown.</Data><Data>Process Id: 5068.</Data><Data>File Version: 18.0.25107.16. Description: IIS ASP.NET Core Module V2 Request Handler. Commit: </Data></EventData></Event><Event><System><Provider Name="IIS AspNetCore Module V2"/><EventID>1033</EventID><Level>4</Level><Task>0</Task><Keywords>Keywords</Keywords><TimeCreated SystemTime="2025-08-29T04:05:54Z"/><EventRecordID>194251515</EventRecordID><Channel>Application</Channel><Computer>10-30-0-110</Computer><Security/></System><EventData><Data>Application 'MACHINE/WEBROOT/APPHOST/MAWSFNPLACEHOLDER271_F_V4_NODE_22_X86' has shutdown.</Data><Data>Process Id: 6192.</Data><Data>File Version: 18.0.25107.16. Description: IIS ASP.NET Core Module V2 Request Handler. Commit: </Data></EventData></Event><Event><System><Provider Name="IIS AspNetCore Module V2"/><EventID>1032</EventID><Level>4</Level><Task>0</Task><Keywords>Keywords</Keywords><TimeCreated SystemTime="2025-08-29T04:06:03Z"/><EventRecordID>194260312</EventRecordID><Channel>Application</Channel><Computer>10-30-0-110</Computer><Security/></System><EventData><Data>Application 'C:\Program Files (x86)\SiteExtensions\Functions\4.1042.100\32bit\' started successfully.</Data><Data>Process Id: 472.</Data><Data>File Version: 18.0.25107.16. Description: IIS ASP.NET Core Module V2 Request Handler. Commit: </Data></EventData></Event><Event><System><Provider Name="IIS AspNetCore Module V2"/><EventID>1033</EventID><Level>4</Level><Task>0</Task><Keywords>Keywords</Keywords><TimeCreated SystemTime="2025-08-29T04:31:58Z"/><EventRecordID>195815000</EventRecordID><Channel>Application</Channel><Computer>10-30-0-110</Computer><Security/></System><EventData><Data>Application 'MACHINE/WEBROOT/APPHOST/MAWSFNPLACEHOLDER271_F_V4_NODE_22_X86' has shutdown.</Data><Data>Process Id: 472.</Data><Data>File Version: 18.0.25107.16. Description: IIS ASP.NET Core Module V2 Request Handler. Commit: </Data></EventData></Event><Event><System><Provider Name="IIS AspNetCore Module V2"/><EventID>1032</EventID><Level>4</Level><Task>0</Task><Keywords>Keywords</Keywords><TimeCreated SystemTime="2025-08-29T04:32:09Z"/><EventRecordID>195826406</EventRecordID><Channel>Application</Channel><Computer>10-30-0-110</Computer><Security/></System><EventData><Data>Application 'C:\Program Files (x86)\SiteExtensions\Functions\4.1042.100\32bit\' started successfully.</Data><Data>Process Id: 5568.</Data><Data>File Version: 18.0.25107.16. Description: IIS ASP.NET Core Module V2 Request Handler. Commit: </Data></EventData></Event><Event><System><Provider Name="IIS AspNetCore Module V2"/><EventID>1033</EventID><Level>4</Level><Task>0</Task><Keywords>Keywords</Keywords><TimeCreated SystemTime="2025-08-29T05:09:00Z"/><EventRecordID>198037593</EventRecordID><Channel>Application</Channel><Computer>10-30-0-110</Computer><Security/></System><EventData><Data>Application 'MACHINE/WEBROOT/APPHOST/MAWSFNPLACEHOLDER271_F_V4_NODE_22_X86' has shutdown.</Data><Data>Process Id: 5568.</Data><Data>File Version: 18.0.25107.16. Description: IIS ASP.NET Core Module V2 Request Handler. Commit: </Data></EventData></Event><Event><System><Provider Name="IIS AspNetCore Module V2"/><EventID>1033</EventID><Level>4</Level><Task>0</Task><Keywords>Keywords</Keywords><TimeCreated SystemTime="2025-08-29T05:51:23Z"/><EventRecordID>200611078</EventRecordID><Channel>Application</Channel><Computer>10-30-0-101</Computer><Security/></System><EventData><Data>Application 'MACHINE/WEBROOT/APPHOST/MAWSFNPLACEHOLDER281_F_V4_NODE_22_X86' has shutdown.</Data><Data>Process Id: 7872.</Data><Data>File Version: 18.0.25107.16. Description: IIS ASP.NET Core Module V2 Request Handler. Commit: </Data></EventData></Event></Events>