{
  "version": "2.0",
  "logging": {
    "applicationInsights": {
      "samplingSettings": {
        "isEnabled": true,
        "excludedTypes": "Request"
      }
    }
  },
  "extensionBundle": {
    "id": "Microsoft.Azure.Functions.ExtensionBundle",
    "version": "[3.*, 4.0.0)"
  },
  "functionTimeout": "00:10:00",
  "extensions": {
    "http": {
      "routePrefix": "api",
      "maxOutstandingRequests": 200,
      "maxConcurrentRequests": 100,
      "dynamicThrottlesEnabled": true
    }
  }
}
