﻿<?xml version="1.0" encoding="utf-8"?>
<deployment>
  <id>5c198d63d8fe4856995261a612cf869a</id>
  <author>N/A</author>
  <deployer>ZipDeploy</deployer>
  <authorEmail>N/A</authorEmail>
  <message>Created via a push deployment</message>
  <progress></progress>
  <status>Success</status>
  <statusText></statusText>
  <lastSuccessEndTime>2025-08-29T04:31:52.4666973Z</lastSuccessEndTime>
  <receivedTime>2025-08-29T04:31:50.4510973Z</receivedTime>
  <startTime>2025-08-29T04:31:51.1698329Z</startTime>
  <endTime>2025-08-29T04:31:52.4666973Z</endTime>
  <complete>True</complete>
  <is_temp>False</is_temp>
  <is_readonly>True</is_readonly>
  <project_type>Run-From-Zip</project_type>
  <vsproject_id></vsproject_id>
</deployment>