﻿<?xml version="1.0" encoding="utf-8"?>
<deployment>
  <id>033cd4be6c86405fbce85ef875e8c459</id>
  <author>N/A</author>
  <deployer>ZipDeploy</deployer>
  <authorEmail>N/A</authorEmail>
  <message>Created via a push deployment</message>
  <progress></progress>
  <status>Success</status>
  <statusText></statusText>
  <lastSuccessEndTime>2025-08-29T03:03:20.3055944Z</lastSuccessEndTime>
  <receivedTime>2025-08-29T03:03:18.524371Z</receivedTime>
  <startTime>2025-08-29T03:03:19.1337388Z</startTime>
  <endTime>2025-08-29T03:03:20.3055944Z</endTime>
  <complete>True</complete>
  <is_temp>False</is_temp>
  <is_readonly>True</is_readonly>
  <project_type>Run-From-Zip</project_type>
  <vsproject_id></vsproject_id>
</deployment>