<Events><Event><System><Provider Name="IIS AspNetCore Module V2"/><EventID>1033</EventID><Level>4</Level><Task>0</Task><Keywords>Keywords</Keywords><TimeCreated SystemTime="2025-08-29T17:43:30Z"/><EventRecordID>9925968</EventRecordID><Channel>Application</Channel><Computer>10-30-0-212</Computer><Security/></System><EventData><Data>Application 'MACHINE/WEBROOT/APPHOST/SAXTECH-METRICS-API' has shutdown.</Data><Data>Process Id: 6324.</Data><Data>File Version: 18.0.25107.16. Description: IIS ASP.NET Core Module V2 Request Handler. Commit: </Data></EventData></Event><Event><System><Provider Name="IIS AspNetCore Module V2"/><EventID>1032</EventID><Level>4</Level><Task>0</Task><Keywords>Keywords</Keywords><TimeCreated SystemTime="2025-08-29T17:44:08Z"/><EventRecordID>9964093</EventRecordID><Channel>Application</Channel><Computer>10-30-0-212</Computer><Security/></System><EventData><Data>Application 'C:\Program Files (x86)\SiteExtensions\Functions\4.1042.100\32bit\' started successfully.</Data><Data>Process Id: 468.</Data><Data>File Version: 18.0.25107.16. Description: IIS ASP.NET Core Module V2 Request Handler. Commit: </Data></EventData></Event><Event><System><Provider Name="IIS AspNetCore Module V2"/><EventID>1033</EventID><Level>4</Level><Task>0</Task><Keywords>Keywords</Keywords><TimeCreated SystemTime="2025-08-29T17:45:25Z"/><EventRecordID>10040593</EventRecordID><Channel>Application</Channel><Computer>10-30-0-212</Computer><Security/></System><EventData><Data>Application 'MACHINE/WEBROOT/APPHOST/SAXTECH-METRICS-API' has shutdown.</Data><Data>Process Id: 468.</Data><Data>File Version: 18.0.25107.16. Description: IIS ASP.NET Core Module V2 Request Handler. Commit: </Data></EventData></Event><Event><System><Provider Name="IIS AspNetCore Module V2"/><EventID>1032</EventID><Level>4</Level><Task>0</Task><Keywords>Keywords</Keywords><TimeCreated SystemTime="2025-08-29T17:45:57Z"/><EventRecordID>10072171</EventRecordID><Channel>Application</Channel><Computer>10-30-0-212</Computer><Security/></System><EventData><Data>Application 'C:\Program Files (x86)\SiteExtensions\Functions\4.1042.100\32bit\' started successfully.</Data><Data>Process Id: 5308.</Data><Data>File Version: 18.0.25107.16. Description: IIS ASP.NET Core Module V2 Request Handler. Commit: </Data></EventData></Event><Event><System><Provider Name="IIS AspNetCore Module V2"/><EventID>1033</EventID><Level>4</Level><Task>0</Task><Keywords>Keywords</Keywords><TimeCreated SystemTime="2025-08-29T17:46:43Z"/><EventRecordID>10118843</EventRecordID><Channel>Application</Channel><Computer>10-30-0-212</Computer><Security/></System><EventData><Data>Application 'MACHINE/WEBROOT/APPHOST/SAXTECH-METRICS-API' has shutdown.</Data><Data>Process Id: 5308.</Data><Data>File Version: 18.0.25107.16. Description: IIS ASP.NET Core Module V2 Request Handler. Commit: </Data></EventData></Event><Event><System><Provider Name="IIS AspNetCore Module V2"/><EventID>1032</EventID><Level>4</Level><Task>0</Task><Keywords>Keywords</Keywords><TimeCreated SystemTime="2025-08-29T17:46:52Z"/><EventRecordID>10127703</EventRecordID><Channel>Application</Channel><Computer>10-30-0-212</Computer><Security/></System><EventData><Data>Application 'C:\Program Files (x86)\SiteExtensions\Functions\4.1042.100\32bit\' started successfully.</Data><Data>Process Id: 6304.</Data><Data>File Version: 18.0.25107.16. Description: IIS ASP.NET Core Module V2 Request Handler. Commit: </Data></EventData></Event><Event><System><Provider Name="IIS AspNetCore Module V2"/><EventID>1033</EventID><Level>4</Level><Task>0</Task><Keywords>Keywords</Keywords><TimeCreated SystemTime="2025-08-29T17:50:27Z"/><EventRecordID>10342875</EventRecordID><Channel>Application</Channel><Computer>10-30-0-212</Computer><Security/></System><EventData><Data>Application 'MACHINE/WEBROOT/APPHOST/SAXTECH-METRICS-API' has shutdown.</Data><Data>Process Id: 6304.</Data><Data>File Version: 18.0.25107.16. Description: IIS ASP.NET Core Module V2 Request Handler. Commit: </Data></EventData></Event><Event><System><Provider Name="IIS AspNetCore Module V2"/><EventID>1032</EventID><Level>4</Level><Task>0</Task><Keywords>Keywords</Keywords><TimeCreated SystemTime="2025-08-29T17:50:38Z"/><EventRecordID>10353328</EventRecordID><Channel>Application</Channel><Computer>10-30-0-212</Computer><Security/></System><EventData><Data>Application 'C:\Program Files (x86)\SiteExtensions\Functions\4.1042.100\32bit\' started successfully.</Data><Data>Process Id: 6360.</Data><Data>File Version: 18.0.25107.16. Description: IIS ASP.NET Core Module V2 Request Handler. Commit: </Data></EventData></Event><Event><System><Provider Name="IIS AspNetCore Module V2"/><EventID>1033</EventID><Level>4</Level><Task>0</Task><Keywords>Keywords</Keywords><TimeCreated SystemTime="2025-08-29T18:00:55Z"/><EventRecordID>10970125</EventRecordID><Channel>Application</Channel><Computer>10-30-0-212</Computer><Security/></System><EventData><Data>Application 'MACHINE/WEBROOT/APPHOST/SAXTECH-METRICS-API' has shutdown.</Data><Data>Process Id: 6360.</Data><Data>File Version: 18.0.25107.16. Description: IIS ASP.NET Core Module V2 Request Handler. Commit: </Data></EventData></Event><Event><System><Provider Name="IIS AspNetCore Module V2"/><EventID>1032</EventID><Level>4</Level><Task>0</Task><Keywords>Keywords</Keywords><TimeCreated SystemTime="2025-08-29T18:01:04Z"/><EventRecordID>10979187</EventRecordID><Channel>Application</Channel><Computer>10-30-0-212</Computer><Security/></System><EventData><Data>Application 'C:\Program Files (x86)\SiteExtensions\Functions\4.1042.100\32bit\' started successfully.</Data><Data>Process Id: 6568.</Data><Data>File Version: 18.0.25107.16. Description: IIS ASP.NET Core Module V2 Request Handler. Commit: </Data></EventData></Event><Event><System><Provider Name="IIS AspNetCore Module V2"/><EventID>1033</EventID><Level>4</Level><Task>0</Task><Keywords>Keywords</Keywords><TimeCreated SystemTime="2025-08-29T18:13:31Z"/><EventRecordID>139922593</EventRecordID><Channel>Application</Channel><Computer>10-30-0-152</Computer><Security/></System><EventData><Data>Application 'MACHINE/WEBROOT/APPHOST/MAWSFNPLACEHOLDER198_F_V4_NODE_20_X86' has shutdown.</Data><Data>Process Id: 4340.</Data><Data>File Version: 18.0.25107.16. Description: IIS ASP.NET Core Module V2 Request Handler. Commit: </Data></EventData></Event><Event><System><Provider Name="IIS AspNetCore Module V2"/><EventID>1033</EventID><Level>4</Level><Task>0</Task><Keywords>Keywords</Keywords><TimeCreated SystemTime="2025-08-29T18:13:31Z"/><EventRecordID>11726593</EventRecordID><Channel>Application</Channel><Computer>10-30-0-212</Computer><Security/></System><EventData><Data>Application 'MACHINE/WEBROOT/APPHOST/SAXTECH-METRICS-API' has shutdown.</Data><Data>Process Id: 6568.</Data><Data>File Version: 18.0.25107.16. Description: IIS ASP.NET Core Module V2 Request Handler. Commit: </Data></EventData></Event><Event><System><Provider Name="IIS AspNetCore Module V2"/><EventID>1032</EventID><Level>4</Level><Task>0</Task><Keywords>Keywords</Keywords><TimeCreated SystemTime="2025-08-29T18:13:42Z"/><EventRecordID>11737187</EventRecordID><Channel>Application</Channel><Computer>10-30-0-212</Computer><Security/></System><EventData><Data>Application 'C:\Program Files (x86)\SiteExtensions\Functions\4.1042.100\32bit\' started successfully.</Data><Data>Process Id: 2996.</Data><Data>File Version: 18.0.25107.16. Description: IIS ASP.NET Core Module V2 Request Handler. Commit: </Data></EventData></Event><Event><System><Provider Name="IIS AspNetCore Module V2"/><EventID>1032</EventID><Level>4</Level><Task>0</Task><Keywords>Keywords</Keywords><TimeCreated SystemTime="2025-08-29T18:14:20Z"/><EventRecordID>139971406</EventRecordID><Channel>Application</Channel><Computer>10-30-0-152</Computer><Security/></System><EventData><Data>Application 'C:\Program Files (x86)\SiteExtensions\Functions\4.1042.100\32bit\' started successfully.</Data><Data>Process Id: 1032.</Data><Data>File Version: 18.0.25107.16. Description: IIS ASP.NET Core Module V2 Request Handler. Commit: </Data></EventData></Event><Event><System><Provider Name="IIS AspNetCore Module V2"/><EventID>1033</EventID><Level>4</Level><Task>0</Task><Keywords>Keywords</Keywords><TimeCreated SystemTime="2025-08-29T18:15:27Z"/><EventRecordID>140038218</EventRecordID><Channel>Application</Channel><Computer>10-30-0-152</Computer><Security/></System><EventData><Data>Application 'MACHINE/WEBROOT/APPHOST/MAWSFNPLACEHOLDER198_F_V4_NODE_20_X86' has shutdown.</Data><Data>Process Id: 1032.</Data><Data>File Version: 18.0.25107.16. Description: IIS ASP.NET Core Module V2 Request Handler. Commit: </Data></EventData></Event><Event><System><Provider Name="IIS AspNetCore Module V2"/><EventID>1033</EventID><Level>4</Level><Task>0</Task><Keywords>Keywords</Keywords><TimeCreated SystemTime="2025-08-29T18:15:27Z"/><EventRecordID>11842203</EventRecordID><Channel>Application</Channel><Computer>10-30-0-212</Computer><Security/></System><EventData><Data>Application 'MACHINE/WEBROOT/APPHOST/SAXTECH-METRICS-API' has shutdown.</Data><Data>Process Id: 2996.</Data><Data>File Version: 18.0.25107.16. Description: IIS ASP.NET Core Module V2 Request Handler. Commit: </Data></EventData></Event><Event><System><Provider Name="IIS AspNetCore Module V2"/><EventID>1032</EventID><Level>4</Level><Task>0</Task><Keywords>Keywords</Keywords><TimeCreated SystemTime="2025-08-29T18:15:35Z"/><EventRecordID>11850484</EventRecordID><Channel>Application</Channel><Computer>10-30-0-212</Computer><Security/></System><EventData><Data>Application 'C:\Program Files (x86)\SiteExtensions\Functions\4.1042.100\32bit\' started successfully.</Data><Data>Process Id: 6764.</Data><Data>File Version: 18.0.25107.16. Description: IIS ASP.NET Core Module V2 Request Handler. Commit: </Data></EventData></Event></Events>