﻿<?xml version="1.0" encoding="utf-8"?>
<deployment>
  <id>af9abc33ce504f9eabaa4507338381ef</id>
  <author>N/A</author>
  <deployer>ZipDeploy</deployer>
  <authorEmail>N/A</authorEmail>
  <message>Created via a push deployment</message>
  <progress></progress>
  <status>Success</status>
  <statusText></statusText>
  <lastSuccessEndTime>2025-08-29T17:50:21.9468229Z</lastSuccessEndTime>
  <receivedTime>2025-08-29T17:50:20.0718267Z</receivedTime>
  <startTime>2025-08-29T17:50:20.6812457Z</startTime>
  <endTime>2025-08-29T17:50:21.9468229Z</endTime>
  <complete>True</complete>
  <is_temp>False</is_temp>
  <is_readonly>True</is_readonly>
  <project_type>Run-From-Zip</project_type>
  <vsproject_id></vsproject_id>
</deployment>