<step title="BackgroundTrace" date="2025-08-29T01:42:14.124" instance="de47ee" url="/api/zipdeploy" method="POST" >
  <step title="Updating shutdown sentinel last write time" date="2025-08-29T01:42:14.171" SemaphoreCount="7" /><!-- duration: 16ms -->
  <step title="LockFile &apos;C:\home\site\locks\deployments.lock&apos; acquired" date="2025-08-29T01:42:14.202" /><!-- duration: 16ms -->
  <step title="Creating temporary deployment" date="2025-08-29T01:42:14.249" /><!-- duration: 141ms -->
  <step title="Performing fetch based deployment" date="2025-08-29T01:42:14.405" >
    <step title="Fetching changes." date="2025-08-29T01:42:14.624" /><!-- duration: 16ms -->
    <step title="Starting LocalZipHandler" date="2025-08-29T01:42:14.655" /><!-- duration: 16ms -->
    <step title="Cleaning up temp folders from previous zip deployments and extracting pushed zip file C:\local\Temp\zipdeploy\prfunfxg.zip (0.02 MB) to C:\local\Temp\zipdeploy\extracted" date="2025-08-29T01:42:14.749" /><!-- duration: 16ms -->
    <step title="Cleaning up temp folders from previous zip deployments and extracting pushed zip file C:\local\Temp\zipdeploy\prfunfxg.zip (0.02 MB) to C:\local\Temp\zipdeploy\extracted" date="2025-08-29T01:42:14.796" >
      <step title="Extracting 14 entries to C:\local\Temp\zipdeploy\extracted directory" date="2025-08-29T01:42:14.827" >
        <step title="Extracting to C:\local\Temp\zipdeploy\extracted\azure-functions\host.json ..." date="2025-08-29T01:42:14.858" /><!-- duration: 16ms -->
        <step title="Extracting to C:\local\Temp\zipdeploy\extracted\azure-functions\dist\src\functions\metrics.js ..." date="2025-08-29T01:42:14.890" /><!-- duration: 16ms -->
        <step title="Extracting to C:\local\Temp\zipdeploy\extracted\azure-functions\dist\src\functions\metrics.js.map ..." date="2025-08-29T01:42:14.936" /><!-- duration: 16ms -->
        <step title="Extracting to C:\local\Temp\zipdeploy\extracted\azure-functions\package-lock.json ..." date="2025-08-29T01:42:14.968" /><!-- duration: 16ms -->
        <step title="Extracting to C:\local\Temp\zipdeploy\extracted\azure-functions\package.json ..." date="2025-08-29T01:42:15.015" /><!-- duration: 20ms -->
        <step title="Omitting extracting file traces ..." date="2025-08-29T01:42:15.046" /><!-- duration: 32ms -->
      </step><!-- duration: 266ms -->
    </step><!-- duration: 313ms -->
    <step title="Before sending BuildRequestReceived status to /api/updatedeploystatus" date="2025-08-29T01:42:15.124" /><!-- duration: 16ms -->
    <step title="DeploymentManager.Deploy(id:94052ee1ff6e48c8912f4d62d165b2b3)" date="2025-08-29T01:42:15.171" >
      <step title="Collecting changeset information" date="2025-08-29T01:42:15.218" /><!-- duration: 125ms -->
      <step title="Updating submodules" date="2025-08-29T01:42:15.358" >
        <step title="Updating submodules." date="2025-08-29T01:42:15.530" /><!-- duration: 16ms -->
      </step><!-- duration: 203ms -->
      <step title="Preparing deployment for commit id &apos;94052ee1ff&apos;." date="2025-08-29T01:42:15.718" /><!-- duration: 16ms -->
      <step title="Determining deployment builder" date="2025-08-29T01:42:15.858" >
        <step title="Builder is BasicBuilder" date="2025-08-29T01:42:15.890" /><!-- duration: 16ms -->
      </step><!-- duration: 63ms -->
      <step title="Copying SSH keys" date="2025-08-29T01:42:15.968" /><!-- duration: 47ms -->
      <step title="Building" date="2025-08-29T01:42:16.030" >
        <step title="Generating deployment script." date="2025-08-29T01:42:16.202" /><!-- duration: 16ms -->
        <step title="Generating deployment script" date="2025-08-29T01:42:16.233" >
          <step title="Using the following command to generate deployment script: &apos;azure site deploymentscript -y --no-dot-deployment -r &quot;C:\local\Temp\zipdeploy\extracted&quot; -o &quot;C:\home\site\deployments\tools&quot; --basic --sitePath &quot;C:\local\Temp\zipdeploy\extracted&quot;&apos;." date="2025-08-29T01:42:16.296" /><!-- duration: 15ms -->
          <step title="Executing external process" date="2025-08-29T01:42:16.343" type="process" path="starter.cmd" arguments="&quot;C:\Program Files (x86)\SiteExtensions\Kudu\2025.06.2.6\bin\node_modules\.bin\kuduscript.cmd&quot; -y --no-dot-deployment -r &quot;C:\local\Temp\zipdeploy\extracted&quot; -o &quot;C:\home\site\deployments\tools&quot; --basic --sitePath &quot;C:\local\Temp\zipdeploy\extracted&quot;" >
            <step title="Generating deployment script for Web Site" date="2025-08-29T01:42:16.640" /><!-- duration: 16ms -->
            <step title="Generated deployment script files" date="2025-08-29T01:42:16.702" /><!-- duration: 16ms -->
          </step><!-- duration: 391ms -->
          <step title="Saved cached version of the deployment script for command -y --no-dot-deployment -r &quot;C:\local\Temp\zipdeploy\extracted&quot; -o &quot;C:\home\site\deployments\tools&quot; --basic --sitePath &quot;C:\local\Temp\zipdeploy\extracted&quot;" date="2025-08-29T01:42:16.765" /><!-- duration: 16ms -->
        </step><!-- duration: 578ms -->
        <step title="Running deployment command..." date="2025-08-29T01:42:16.968" /><!-- duration: 16ms -->
        <step title="Command: &quot;C:\home\site\deployments\tools\deploy.cmd&quot;" date="2025-08-29T01:42:17.015" /><!-- duration: 31ms -->
        <step title="Executing external process" date="2025-08-29T01:42:17.061" type="process" path="starter.cmd" arguments="&quot;C:\home\site\deployments\tools\deploy.cmd&quot;" >
          <step title="Handling Basic Web Site deployment." date="2025-08-29T01:42:17.874" /><!-- duration: 16ms -->
          <step title="Creating app_offline.htm" date="2025-08-29T01:42:18.000" /><!-- duration: 16ms -->
          <step title="KuduSync.NET from: &apos;C:\local\Temp\zipdeploy\extracted&apos; to: &apos;C:\home\site\wwwroot&apos;" date="2025-08-29T01:42:18.062" /><!-- duration: 18ms -->
          <step title="Copying file: &apos;azure-functions\host.json&apos;" date="2025-08-29T01:42:18.110" /><!-- duration: 16ms -->
          <step title="Copying file: &apos;azure-functions\package-lock.json&apos;" date="2025-08-29T01:42:18.157" /><!-- duration: 16ms -->
          <step title="Copying file: &apos;azure-functions\package.json&apos;" date="2025-08-29T01:42:18.220" /><!-- duration: 31ms -->
          <step title="Copying file: &apos;azure-functions\tsconfig.json&apos;" date="2025-08-29T01:42:18.298" /><!-- duration: 16ms -->
          <step title="Copying file: &apos;azure-functions\dist\src\functions\metrics.js&apos;" date="2025-08-29T01:42:18.345" /><!-- duration: 16ms -->
          <step title="Copying file: &apos;azure-functions\dist\src\functions\metrics.js.map&apos;" date="2025-08-29T01:42:18.407" /><!-- duration: 36ms -->
          <step title="Copying file: &apos;azure-functions\src\functions\metrics.ts&apos;" date="2025-08-29T01:42:18.475" /><!-- duration: 16ms -->
          <step title="Deleting app_offline.htm" date="2025-08-29T01:42:18.522" /><!-- duration: 31ms -->
          <step title="Finished successfully." date="2025-08-29T01:42:18.584" /><!-- duration: 16ms -->
        </step><!-- duration: 1554ms -->
        <step title="Running post deployment command(s)..." date="2025-08-29T01:42:19.022" /><!-- duration: 31ms -->
        <step title="Triggering recycle (preview mode disabled)." date="2025-08-29T01:42:19.256" /><!-- duration: 16ms -->
        <step title="Ignoring FS watcher based recycle request as this is a classic Windows app." date="2025-08-29T01:42:19.319" /><!-- duration: 16ms -->
        <step title="Deployment successful. DEPLOYMENTINFO: deploymentPath = Functions App ZipDeploy. Extract zip. , deployer = az_cli_functions, os = windows, sku = Dynamic, language = node, siteName = saxtech-metrics-api, slotName = Production, siteHostName = saxtech-metrics-api.azurewebsites.net, deploymentStatus = Success" date="2025-08-29T01:42:19.506" /><!-- duration: 16ms -->
      </step><!-- duration: 3804ms -->
    </step><!-- duration: 4679ms -->
    <step title="Cleaning up temp files" date="2025-08-29T01:42:19.866" /><!-- duration: 31ms -->
    <step title="Begin HttpPost https://saxtech-metrics-api.scm.azurewebsites.net/operations/settriggers, x-ms-request-id: 5b40b672-8479-11f0-a31e-cee493d8ca02" date="2025-08-29T01:42:19.959" /><!-- duration: 16ms -->
    <step title="End HttpPost, status: OK" date="2025-08-29T01:42:20.209" /><!-- duration: 31ms -->
    <step title="Scheduling background sync triggers after delay" date="2025-08-29T01:42:20.256" /><!-- duration: 31ms -->
  </step><!-- duration: 5960ms -->
  <step title="LockFile &apos;C:\home\site\locks\deployments.lock&apos; released" date="2025-08-29T01:42:20.397" /><!-- duration: 16ms -->
</step><!-- duration: 6335ms -->
