<step title="Incoming Request" date="2025-08-29T03:03:15.071" instance="361623" url="/api/zipdeploy" method="POST" type="request" pid="6556,2,9" Content-Length="16322507" Content-Type="application/zip" Authorization="Bea..." Host="saxtech-metrics-api.scm.azurewebsites.net" If-Match="*" User-Agent="functions-core-tools/4.0.7317" X-ARR-LOG-ID="5e249750-1e2b-4945-8edc-62a3a87ebc9d" CLIENT-IP="71.217.130.52:61606" X-SITE-DEPLOYMENT-ID="saxtech-metrics-api" WAS-DEFAULT-HOSTNAME="saxtech-metrics-api.scm.azurewebsites.net" X-Forwarded-Proto="https" X-AppService-Proto="https" X-Forwarded-TlsVersion="1.2" X-WAWS-Unencoded-URL="/api/zipdeploy" >
  <step title="ZipPushDeploy" date="2025-08-29T03:03:15.118" >
    <step title="Functions App ZipDeploy. Run from package." date="2025-08-29T03:03:15.165" /><!-- duration: 16ms -->
    <step title="Starting PushDeployAsync" date="2025-08-29T03:03:15.196" /><!-- duration: 31ms -->
    <step title="Updating shutdown sentinel last write time" date="2025-08-29T03:03:15.274" SemaphoreCount="7" /><!-- duration: 16ms -->
    <step title="LockFile &apos;C:\home\site\locks\deployments.lock&apos; acquired" date="2025-08-29T03:03:15.305" /><!-- duration: 16ms -->
    <step title="Deleting outdated zip file C:\home\data\SitePackages\20250829023034.zip" date="2025-08-29T03:03:15.368" /><!-- duration: 31ms -->
    <step title="Saving request content to C:\home\data\SitePackages\20250829030315.zip" date="2025-08-29T03:03:15.430" >
      <step title="Total 16,322,507 bytes written to C:\home\data\SitePackages\20250829030315.zip" date="2025-08-29T03:03:15.836" /><!-- duration: 31ms -->
    </step><!-- duration: 797ms -->
    <step title="LockFile &apos;C:\home\site\locks\deployments.lock&apos; released" date="2025-08-29T03:03:16.258" /><!-- duration: 31ms -->
    <step title="Deleting shutdown sentinel file" date="2025-08-29T03:03:16.321" SemaphoreCount="8" /><!-- duration: 16ms -->
    <step title="Starting FetchDeploy" date="2025-08-29T03:03:16.368" /><!-- duration: 16ms -->
    <step title="Attempting to fetch target branch HEAD" date="2025-08-29T03:03:16.399" /><!-- duration: 31ms -->
    <step title="Updating shutdown sentinel last write time" date="2025-08-29T03:03:16.461" SemaphoreCount="7" /><!-- duration: 16ms -->
    <step title="LockFile &apos;C:\home\site\locks\deployments.lock&apos; acquired" date="2025-08-29T03:03:16.508" /><!-- duration: 16ms -->
    <step title="Performing fetch based deployment" date="2025-08-29T03:03:16.555" >
      <step title="Creating temporary deployment" date="2025-08-29T03:03:16.571" /><!-- duration: 141ms -->
      <step title="Fetching changes." date="2025-08-29T03:03:16.915" /><!-- duration: 31ms -->
      <step title="Starting LocalZipHandler" date="2025-08-29T03:03:16.977" /><!-- duration: 31ms -->
      <step title="Starting ExtractTriggers" date="2025-08-29T03:03:17.024" /><!-- duration: 32ms -->
      <step title="None repository commit" date="2025-08-29T03:03:18.274" >
        <step title="Commit id: 033cd4be6c86405fbce85ef875e8c459" date="2025-08-29T03:03:18.289" Message="Created via a push deployment" AuthorName="N/A" AuthorEmail="N/A" /><!-- duration: 31ms -->
      </step><!-- duration: 63ms -->
      <step title="Before sending BuildRequestReceived status to /api/updatedeploystatus" date="2025-08-29T03:03:18.368" /><!-- duration: 16ms -->
      <step title="DeploymentManager.Deploy(id:033cd4be6c86405fbce85ef875e8c459)" date="2025-08-29T03:03:18.415" >
        <step title="Collecting changeset information" date="2025-08-29T03:03:18.462" /><!-- duration: 156ms -->
        <step title="Updating submodules" date="2025-08-29T03:03:18.633" >
          <step title="Updating submodules." date="2025-08-29T03:03:18.805" /><!-- duration: 16ms -->
        </step><!-- duration: 219ms -->
        <step title="Preparing deployment for commit id &apos;033cd4be6c&apos;." date="2025-08-29T03:03:19.024" /><!-- duration: 16ms -->
        <step title="Determining deployment builder" date="2025-08-29T03:03:19.211" >
          <step title="Builder is RunFromZipSiteBuilder" date="2025-08-29T03:03:19.227" /><!-- duration: 31ms -->
        </step><!-- duration: 63ms -->
        <step title="Copying SSH keys" date="2025-08-29T03:03:19.336" /><!-- duration: 31ms -->
        <step title="Building" date="2025-08-29T03:03:19.383" >
          <step title="Skipping build. Project type: Run-From-Zip" date="2025-08-29T03:03:19.571" /><!-- duration: 16ms -->
          <step title="Skipping post build. Project type: Run-From-Zip" date="2025-08-29T03:03:19.774" /><!-- duration: 16ms -->
          <step title="Triggering recycle (preview mode disabled)." date="2025-08-29T03:03:19.977" /><!-- duration: 16ms -->
          <step title="Ignoring FS watcher based recycle request as this is a classic Windows app." date="2025-08-29T03:03:20.024" /><!-- duration: 31ms -->
          <step title="Deployment successful. DEPLOYMENTINFO: deploymentPath = Functions App ZipDeploy. Run from package., deployer = ZipDeploy, os = windows, sku = Dynamic, language = node, siteName = saxtech-metrics-api, slotName = Production, siteHostName = saxtech-metrics-api.azurewebsites.net, deploymentStatus = Success" date="2025-08-29T03:03:20.227" /><!-- duration: 16ms -->
        </step><!-- duration: 1345ms -->
      </step><!-- duration: 2344ms -->
      <step title="Cleaning up temp files" date="2025-08-29T03:03:20.774" /><!-- duration: 31ms -->
      <step title="Updating C:\home\data\SitePackages\packagename.txt with deployment 20250829030315.zip" date="2025-08-29T03:03:20.821" /><!-- duration: 47ms -->
      <step title="Begin HttpPost https://saxtech-metrics-api.scm.azurewebsites.net/operations/settriggers, x-ms-request-id: 5e249750-1e2b-4945-8edc-62a3a87ebc9d" date="2025-08-29T03:03:20.899" /><!-- duration: 16ms -->
      <step title="End HttpPost, status: OK" date="2025-08-29T03:03:21.039" /><!-- duration: 50ms -->
      <step title="Scheduling background sync triggers after delay" date="2025-08-29T03:03:21.118" /><!-- duration: 16ms -->
    </step><!-- duration: 4750ms -->
    <step title="LockFile &apos;C:\home\site\locks\deployments.lock&apos; released" date="2025-08-29T03:03:21.336" /><!-- duration: 16ms -->
  </step><!-- duration: 6281ms -->
  <step title="Outgoing response" date="2025-08-29T03:03:21.414" type="response" statusCode="200" statusText="OK" Server="Microsoft-IIS/10.0" x-ms-request-id="5e249750-1e2b-4945-8edc-62a3a87ebc9d" Cache-Control="private" X-AspNet-Version="4.0.30319" /><!-- duration: 16ms -->
</step><!-- duration: 6375ms -->
