<step title="Incoming Request" date="2025-08-29T04:31:45.975" instance="34cbbc" url="/api/zipdeploy" method="POST" type="request" pid="2604,2,8" Content-Length="23859060" Content-Type="application/zip" Authorization="Bea..." Host="saxtech-metrics-api.scm.azurewebsites.net" If-Match="*" User-Agent="functions-core-tools/4.0.7317" X-ARR-LOG-ID="a43aa941-adb1-4697-b1d9-a93ea1d557d8" CLIENT-IP="71.217.130.52:52583" X-SITE-DEPLOYMENT-ID="saxtech-metrics-api" WAS-DEFAULT-HOSTNAME="saxtech-metrics-api.scm.azurewebsites.net" X-Forwarded-Proto="https" X-AppService-Proto="https" X-Forwarded-TlsVersion="1.2" X-WAWS-Unencoded-URL="/api/zipdeploy" >
  <step title="ZipPushDeploy" date="2025-08-29T04:31:46.037" >
    <step title="Functions App ZipDeploy. Run from package." date="2025-08-29T04:31:46.100" /><!-- duration: 16ms -->
    <step title="Starting PushDeployAsync" date="2025-08-29T04:31:46.146" /><!-- duration: 16ms -->
    <step title="Updating shutdown sentinel last write time" date="2025-08-29T04:31:46.240" SemaphoreCount="7" /><!-- duration: 24ms -->
    <step title="LockFile &apos;C:\home\site\locks\deployments.lock&apos; acquired" date="2025-08-29T04:31:46.287" /><!-- duration: 16ms -->
    <step title="Deleting outdated zip file C:\home\data\SitePackages\20250829030117.zip" date="2025-08-29T04:31:46.350" /><!-- duration: 46ms -->
    <step title="Saving request content to C:\home\data\SitePackages\20250829043146.zip" date="2025-08-29T04:31:46.412" >
      <step title="Total 23,859,060 bytes written to C:\home\data\SitePackages\20250829043146.zip" date="2025-08-29T04:31:46.787" /><!-- duration: 16ms -->
    </step><!-- duration: 1256ms -->
    <step title="LockFile &apos;C:\home\site\locks\deployments.lock&apos; released" date="2025-08-29T04:31:47.701" /><!-- duration: 15ms -->
    <step title="Deleting shutdown sentinel file" date="2025-08-29T04:31:47.763" SemaphoreCount="8" /><!-- duration: 16ms -->
    <step title="Starting FetchDeploy" date="2025-08-29T04:31:47.810" /><!-- duration: 16ms -->
    <step title="Attempting to fetch target branch HEAD" date="2025-08-29T04:31:47.841" /><!-- duration: 31ms -->
    <step title="Updating shutdown sentinel last write time" date="2025-08-29T04:31:47.919" SemaphoreCount="7" /><!-- duration: 16ms -->
    <step title="LockFile &apos;C:\home\site\locks\deployments.lock&apos; acquired" date="2025-08-29T04:31:47.951" /><!-- duration: 31ms -->
    <step title="Performing fetch based deployment" date="2025-08-29T04:31:48.013" >
      <step title="Creating temporary deployment" date="2025-08-29T04:31:48.029" /><!-- duration: 156ms -->
      <step title="Fetching changes." date="2025-08-29T04:31:48.419" /><!-- duration: 16ms -->
      <step title="Starting LocalZipHandler" date="2025-08-29T04:31:48.497" /><!-- duration: 16ms -->
      <step title="Starting ExtractTriggers" date="2025-08-29T04:31:48.560" /><!-- duration: 31ms -->
      <step title="None repository commit" date="2025-08-29T04:31:50.185" >
        <step title="Commit id: 5c198d63d8fe4856995261a612cf869a" date="2025-08-29T04:31:50.201" Message="Created via a push deployment" AuthorName="N/A" AuthorEmail="N/A" /><!-- duration: 31ms -->
      </step><!-- duration: 62ms -->
      <step title="Before sending BuildRequestReceived status to /api/updatedeploystatus" date="2025-08-29T04:31:50.279" /><!-- duration: 16ms -->
      <step title="DeploymentManager.Deploy(id:5c198d63d8fe4856995261a612cf869a)" date="2025-08-29T04:31:50.326" >
        <step title="Collecting changeset information" date="2025-08-29T04:31:50.372" /><!-- duration: 187ms -->
        <step title="Updating submodules" date="2025-08-29T04:31:50.591" >
          <step title="Updating submodules." date="2025-08-29T04:31:50.794" /><!-- duration: 16ms -->
        </step><!-- duration: 266ms -->
        <step title="Preparing deployment for commit id &apos;5c198d63d8&apos;." date="2025-08-29T04:31:51.029" /><!-- duration: 31ms -->
        <step title="Determining deployment builder" date="2025-08-29T04:31:51.248" >
          <step title="Builder is RunFromZipSiteBuilder" date="2025-08-29T04:31:51.279" /><!-- duration: 16ms -->
        </step><!-- duration: 62ms -->
        <step title="Copying SSH keys" date="2025-08-29T04:31:51.419" /><!-- duration: 47ms -->
        <step title="Building" date="2025-08-29T04:31:51.482" >
          <step title="Skipping build. Project type: Run-From-Zip" date="2025-08-29T04:31:51.669" /><!-- duration: 16ms -->
          <step title="Skipping post build. Project type: Run-From-Zip" date="2025-08-29T04:31:51.888" /><!-- duration: 31ms -->
          <step title="Triggering recycle (preview mode disabled)." date="2025-08-29T04:31:52.122" /><!-- duration: 16ms -->
          <step title="Ignoring FS watcher based recycle request as this is a classic Windows app." date="2025-08-29T04:31:52.185" /><!-- duration: 16ms -->
          <step title="Deployment successful. DEPLOYMENTINFO: deploymentPath = Functions App ZipDeploy. Run from package., deployer = ZipDeploy, os = windows, sku = Dynamic, language = node, siteName = saxtech-metrics-api, slotName = Production, siteHostName = saxtech-metrics-api.azurewebsites.net, deploymentStatus = Success" date="2025-08-29T04:31:52.372" /><!-- duration: 16ms -->
        </step><!-- duration: 1453ms -->
      </step><!-- duration: 2625ms -->
      <step title="Cleaning up temp files" date="2025-08-29T04:31:52.966" /><!-- duration: 31ms -->
      <step title="Updating C:\home\data\SitePackages\packagename.txt with deployment 20250829043146.zip" date="2025-08-29T04:31:53.013" /><!-- duration: 78ms -->
      <step title="Begin HttpPost https://saxtech-metrics-api.scm.azurewebsites.net/operations/settriggers, x-ms-request-id: a43aa941-adb1-4697-b1d9-a93ea1d557d8" date="2025-08-29T04:31:53.138" /><!-- duration: 16ms -->
      <step title="End HttpPost, status: OK" date="2025-08-29T04:31:53.279" /><!-- duration: 16ms -->
      <step title="Scheduling background sync triggers after delay" date="2025-08-29T04:31:53.326" /><!-- duration: 16ms -->
    </step><!-- duration: 5562ms -->
    <step title="LockFile &apos;C:\home\site\locks\deployments.lock&apos; released" date="2025-08-29T04:31:53.607" /><!-- duration: 16ms -->
    <step title="Deleting shutdown sentinel file" date="2025-08-29T04:31:53.673" SemaphoreCount="8" /><!-- duration: 28ms -->
  </step><!-- duration: 7679ms -->
  <step title="Outgoing response" date="2025-08-29T04:31:53.857" type="response" statusCode="200" statusText="OK" Server="Microsoft-IIS/10.0" x-ms-request-id="a43aa941-adb1-4697-b1d9-a93ea1d557d8" Cache-Control="private" X-AspNet-Version="4.0.30319" /><!-- duration: 31ms -->
</step><!-- duration: 7929ms -->
