<step title="Incoming Request" date="2025-08-29T05:54:46.216" instance="00d386" url="/api/zipdeploy?isAsync=true&amp;Deployer=az_cli_functions" method="POST" type="request" pid="6368,2,7" Cache-Control="no-cache" Connection="Keep-Alive" Content-Length="19517" Content-Type="application/octet-stream" Accept="*/*" Accept-Encoding="gzip, deflate" Authorization="Bas..." Host="saxtech-metrics-api.scm.azurewebsites.net" User-Agent="AZURECLI/2.75.0 (HOMEBREW)" x-ms-client-request-id="a2747f24-849c-11f0-89a0-cee493d8ca02" X-ARR-LOG-ID="a2747f24-849c-11f0-89a0-cee493d8ca02" CLIENT-IP="71.217.130.52:60042" X-SITE-DEPLOYMENT-ID="saxtech-metrics-api" WAS-DEFAULT-HOSTNAME="saxtech-metrics-api.scm.azurewebsites.net" X-Forwarded-Proto="https" X-AppService-Proto="https" X-Forwarded-TlsVersion="1.3" X-WAWS-Unencoded-URL="/api/zipdeploy?isAsync=true&amp;Deployer=az_cli_functions" X-MS-COLDSTART="1" >
  <step title="ZipPushDeploy" date="2025-08-29T05:54:46.794" >
    <step title="Functions App ZipDeploy. Run from package." date="2025-08-29T05:54:46.826" /><!-- duration: 16ms -->
    <step title="Starting PushDeployAsync" date="2025-08-29T05:54:46.872" /><!-- duration: 31ms -->
    <step title="Updating shutdown sentinel last write time" date="2025-08-29T05:54:47.094" SemaphoreCount="7" /><!-- duration: 31ms -->
    <step title="LockFile &apos;C:\home\site\locks\deployments.lock&apos; acquired" date="2025-08-29T05:54:47.157" /><!-- duration: 16ms -->
    <step title="Deleting outdated zip file C:\home\data\SitePackages\20250829030315.zip" date="2025-08-29T05:54:47.219" /><!-- duration: 47ms -->
    <step title="Saving request content to C:\home\data\SitePackages\20250829055446.zip" date="2025-08-29T05:54:47.297" >
      <step title="Total 19,517 bytes written to C:\home\data\SitePackages\20250829055446.zip" date="2025-08-29T05:54:47.360" /><!-- duration: 31ms -->
    </step><!-- duration: 125ms -->
    <step title="LockFile &apos;C:\home\site\locks\deployments.lock&apos; released" date="2025-08-29T05:54:47.454" /><!-- duration: 31ms -->
    <step title="Deleting shutdown sentinel file" date="2025-08-29T05:54:47.532" SemaphoreCount="8" /><!-- duration: 31ms -->
    <step title="Starting FetchDeploy" date="2025-08-29T05:54:47.579" /><!-- duration: 31ms -->
    <step title="Start deployment in the background" date="2025-08-29T05:54:47.626" /><!-- duration: 844ms -->
  </step><!-- duration: 1690ms -->
  <step title="Outgoing response" date="2025-08-29T05:54:48.532" type="response" statusCode="202" statusText="Accepted" Server="Microsoft-IIS/10.0" x-ms-request-id="a2747f24-849c-11f0-89a0-cee493d8ca02" Retry-After="30" Cache-Control="private" X-AspNet-Version="4.0.30319" Location="https://saxtech-metrics-api.scm.azurewebsites.net/api/deployments/latest?deployer=az_cli_functions&amp;time=2025-08-29_05-54-48Z" /><!-- duration: 16ms -->
</step><!-- duration: 2362ms -->
