<step title="Incoming Request" date="2025-08-29T02:54:46.164" instance="361623" url="/api/zipdeploy" method="POST" type="request" pid="5548,2,8" Content-Length="16321798" Content-Type="application/zip" Authorization="Bea..." Host="saxtech-metrics-api.scm.azurewebsites.net" If-Match="*" User-Agent="functions-core-tools/4.0.7317" X-ARR-LOG-ID="2418105a-51df-440c-9ae9-ca33409c082b" CLIENT-IP="71.217.130.52:58670" X-SITE-DEPLOYMENT-ID="saxtech-metrics-api" WAS-DEFAULT-HOSTNAME="saxtech-metrics-api.scm.azurewebsites.net" X-Forwarded-Proto="https" X-AppService-Proto="https" X-Forwarded-TlsVersion="1.2" X-WAWS-Unencoded-URL="/api/zipdeploy" >
  <step title="ZipPushDeploy" date="2025-08-29T02:54:46.211" >
    <step title="Functions App ZipDeploy. Run from package." date="2025-08-29T02:54:46.242" /><!-- duration: 16ms -->
    <step title="Starting PushDeployAsync" date="2025-08-29T02:54:46.289" /><!-- duration: 31ms -->
    <step title="Updating shutdown sentinel last write time" date="2025-08-29T02:54:46.398" SemaphoreCount="7" /><!-- duration: 16ms -->
    <step title="LockFile &apos;C:\home\site\locks\deployments.lock&apos; acquired" date="2025-08-29T02:54:46.430" /><!-- duration: 31ms -->
    <step title="Saving request content to C:\home\data\SitePackages\20250829025446.zip" date="2025-08-29T02:54:46.492" >
      <step title="Total 16,321,798 bytes written to C:\home\data\SitePackages\20250829025446.zip" date="2025-08-29T02:54:46.851" /><!-- duration: 31ms -->
    </step><!-- duration: 1021ms -->
    <step title="LockFile &apos;C:\home\site\locks\deployments.lock&apos; released" date="2025-08-29T02:54:47.529" /><!-- duration: 16ms -->
    <step title="Deleting shutdown sentinel file" date="2025-08-29T02:54:47.591" SemaphoreCount="8" /><!-- duration: 16ms -->
    <step title="Starting FetchDeploy" date="2025-08-29T02:54:47.638" /><!-- duration: 16ms -->
    <step title="Attempting to fetch target branch HEAD" date="2025-08-29T02:54:47.669" /><!-- duration: 16ms -->
    <step title="Updating shutdown sentinel last write time" date="2025-08-29T02:54:47.732" SemaphoreCount="7" /><!-- duration: 16ms -->
    <step title="LockFile &apos;C:\home\site\locks\deployments.lock&apos; acquired" date="2025-08-29T02:54:47.779" /><!-- duration: 16ms -->
    <step title="Performing fetch based deployment" date="2025-08-29T02:54:47.826" >
      <step title="Creating temporary deployment" date="2025-08-29T02:54:47.841" /><!-- duration: 141ms -->
      <step title="Fetching changes." date="2025-08-29T02:54:48.201" /><!-- duration: 16ms -->
      <step title="Starting LocalZipHandler" date="2025-08-29T02:54:48.263" /><!-- duration: 16ms -->
      <step title="Starting ExtractTriggers" date="2025-08-29T02:54:48.310" /><!-- duration: 16ms -->
      <step title="None repository commit" date="2025-08-29T02:54:49.560" >
        <step title="Commit id: e516d3135f684f7a84a76b5fd73ad680" date="2025-08-29T02:54:49.591" Message="Created via a push deployment" AuthorName="N/A" AuthorEmail="N/A" /><!-- duration: 16ms -->
      </step><!-- duration: 62ms -->
      <step title="Before sending BuildRequestReceived status to /api/updatedeploystatus" date="2025-08-29T02:54:49.638" /><!-- duration: 16ms -->
      <step title="DeploymentManager.Deploy(id:e516d3135f684f7a84a76b5fd73ad680)" date="2025-08-29T02:54:49.685" >
        <step title="Collecting changeset information" date="2025-08-29T02:54:49.716" /><!-- duration: 141ms -->
        <step title="Updating submodules" date="2025-08-29T02:54:49.872" >
          <step title="Updating submodules." date="2025-08-29T02:54:50.091" /><!-- duration: 32ms -->
        </step><!-- duration: 297ms -->
        <step title="Preparing deployment for commit id &apos;e516d3135f&apos;." date="2025-08-29T02:54:50.357" /><!-- duration: 16ms -->
        <step title="Determining deployment builder" date="2025-08-29T02:54:50.560" >
          <step title="Builder is RunFromZipSiteBuilder" date="2025-08-29T02:54:50.591" /><!-- duration: 16ms -->
        </step><!-- duration: 63ms -->
        <step title="Copying SSH keys" date="2025-08-29T02:54:50.700" /><!-- duration: 47ms -->
        <step title="Building" date="2025-08-29T02:54:50.763" >
          <step title="Skipping build. Project type: Run-From-Zip" date="2025-08-29T02:54:50.950" /><!-- duration: 31ms -->
          <step title="Skipping post build. Project type: Run-From-Zip" date="2025-08-29T02:54:51.200" /><!-- duration: 16ms -->
          <step title="Triggering recycle (preview mode disabled)." date="2025-08-29T02:54:51.404" /><!-- duration: 16ms -->
          <step title="Ignoring FS watcher based recycle request as this is a classic Windows app." date="2025-08-29T02:54:51.466" /><!-- duration: 16ms -->
          <step title="Deployment successful. DEPLOYMENTINFO: deploymentPath = Functions App ZipDeploy. Run from package., deployer = ZipDeploy, os = windows, sku = Dynamic, language = node, siteName = saxtech-metrics-api, slotName = Production, siteHostName = saxtech-metrics-api.azurewebsites.net, deploymentStatus = Success" date="2025-08-29T02:54:51.638" /><!-- duration: 16ms -->
        </step><!-- duration: 1375ms -->
      </step><!-- duration: 2469ms -->
      <step title="Cleaning up temp files" date="2025-08-29T02:54:52.169" /><!-- duration: 16ms -->
      <step title="Updating C:\home\data\SitePackages\packagename.txt with deployment 20250829025446.zip" date="2025-08-29T02:54:52.216" /><!-- duration: 63ms -->
      <step title="Begin HttpPost https://saxtech-metrics-api.scm.azurewebsites.net/operations/settriggers, x-ms-request-id: 2418105a-51df-440c-9ae9-ca33409c082b" date="2025-08-29T02:54:52.325" /><!-- duration: 16ms -->
      <step title="End HttpPost, status: OK" date="2025-08-29T02:54:52.450" /><!-- duration: 16ms -->
      <step title="Scheduling background sync triggers after delay" date="2025-08-29T02:54:52.482" /><!-- duration: 16ms -->
    </step><!-- duration: 4875ms -->
    <step title="LockFile &apos;C:\home\site\locks\deployments.lock&apos; released" date="2025-08-29T02:54:52.732" /><!-- duration: 16ms -->
    <step title="Deleting shutdown sentinel file" date="2025-08-29T02:54:52.779" SemaphoreCount="8" /><!-- duration: 16ms -->
  </step><!-- duration: 6599ms -->
  <step title="Outgoing response" date="2025-08-29T02:54:52.935" type="response" statusCode="200" statusText="OK" Server="Microsoft-IIS/10.0" x-ms-request-id="2418105a-51df-440c-9ae9-ca33409c082b" Cache-Control="private" X-AspNet-Version="4.0.30319" /><!-- duration: 16ms -->
</step><!-- duration: 6802ms -->
