<step title="Incoming Request" date="2025-08-29T03:01:17.424" instance="361623" url="/api/zipdeploy" method="POST" type="request" pid="7368,2,9" Content-Length="16322420" Content-Type="application/zip" Authorization="Bea..." Host="saxtech-metrics-api.scm.azurewebsites.net" If-Match="*" User-Agent="functions-core-tools/4.0.7317" X-ARR-LOG-ID="d116e2a3-66a9-406c-9d67-683965f41638" CLIENT-IP="71.217.130.52:60930" X-SITE-DEPLOYMENT-ID="saxtech-metrics-api" WAS-DEFAULT-HOSTNAME="saxtech-metrics-api.scm.azurewebsites.net" X-Forwarded-Proto="https" X-AppService-Proto="https" X-Forwarded-TlsVersion="1.2" X-WAWS-Unencoded-URL="/api/zipdeploy" >
  <step title="ZipPushDeploy" date="2025-08-29T03:01:17.502" >
    <step title="Functions App ZipDeploy. Run from package." date="2025-08-29T03:01:17.534" /><!-- duration: 16ms -->
    <step title="Starting PushDeployAsync" date="2025-08-29T03:01:17.596" /><!-- duration: 16ms -->
    <step title="Updating shutdown sentinel last write time" date="2025-08-29T03:01:17.674" SemaphoreCount="7" /><!-- duration: 31ms -->
    <step title="LockFile &apos;C:\home\site\locks\deployments.lock&apos; acquired" date="2025-08-29T03:01:17.721" /><!-- duration: 31ms -->
    <step title="Saving request content to C:\home\data\SitePackages\20250829030117.zip" date="2025-08-29T03:01:17.799" >
      <step title="Total 16,322,420 bytes written to C:\home\data\SitePackages\20250829030117.zip" date="2025-08-29T03:01:18.049" /><!-- duration: 31ms -->
    </step><!-- duration: 984ms -->
    <step title="LockFile &apos;C:\home\site\locks\deployments.lock&apos; released" date="2025-08-29T03:01:18.830" /><!-- duration: 16ms -->
    <step title="Deleting shutdown sentinel file" date="2025-08-29T03:01:18.877" SemaphoreCount="8" /><!-- duration: 31ms -->
    <step title="Starting FetchDeploy" date="2025-08-29T03:01:18.928" /><!-- duration: 12ms -->
    <step title="Attempting to fetch target branch HEAD" date="2025-08-29T03:01:18.971" /><!-- duration: 16ms -->
    <step title="Updating shutdown sentinel last write time" date="2025-08-29T03:01:19.018" SemaphoreCount="7" /><!-- duration: 16ms -->
    <step title="LockFile &apos;C:\home\site\locks\deployments.lock&apos; acquired" date="2025-08-29T03:01:19.049" /><!-- duration: 31ms -->
    <step title="Performing fetch based deployment" date="2025-08-29T03:01:19.112" >
      <step title="Creating temporary deployment" date="2025-08-29T03:01:19.127" /><!-- duration: 125ms -->
      <step title="Fetching changes." date="2025-08-29T03:01:19.440" /><!-- duration: 31ms -->
      <step title="Starting LocalZipHandler" date="2025-08-29T03:01:19.518" /><!-- duration: 16ms -->
      <step title="Starting ExtractTriggers" date="2025-08-29T03:01:19.565" /><!-- duration: 16ms -->
      <step title="None repository commit" date="2025-08-29T03:01:20.924" >
        <step title="Commit id: c492b49628e54d9588302f48dd6aa061" date="2025-08-29T03:01:20.940" Message="Created via a push deployment" AuthorName="N/A" AuthorEmail="N/A" /><!-- duration: 16ms -->
      </step><!-- duration: 47ms -->
      <step title="Before sending BuildRequestReceived status to /api/updatedeploystatus" date="2025-08-29T03:01:20.987" /><!-- duration: 31ms -->
      <step title="DeploymentManager.Deploy(id:c492b49628e54d9588302f48dd6aa061)" date="2025-08-29T03:01:21.049" >
        <step title="Collecting changeset information" date="2025-08-29T03:01:21.112" /><!-- duration: 172ms -->
        <step title="Updating submodules" date="2025-08-29T03:01:21.299" >
          <step title="Updating submodules." date="2025-08-29T03:01:21.502" /><!-- duration: 16ms -->
        </step><!-- duration: 266ms -->
        <step title="Preparing deployment for commit id &apos;c492b49628&apos;." date="2025-08-29T03:01:21.768" /><!-- duration: 16ms -->
        <step title="Determining deployment builder" date="2025-08-29T03:01:22.002" >
          <step title="Builder is RunFromZipSiteBuilder" date="2025-08-29T03:01:22.018" /><!-- duration: 31ms -->
        </step><!-- duration: 78ms -->
        <step title="Copying SSH keys" date="2025-08-29T03:01:22.221" /><!-- duration: 31ms -->
        <step title="Building" date="2025-08-29T03:01:22.284" >
          <step title="Skipping build. Project type: Run-From-Zip" date="2025-08-29T03:01:22.502" /><!-- duration: 16ms -->
          <step title="Skipping post build. Project type: Run-From-Zip" date="2025-08-29T03:01:22.784" /><!-- duration: 31ms -->
          <step title="Triggering recycle (preview mode disabled)." date="2025-08-29T03:01:23.065" /><!-- duration: 31ms -->
          <step title="Ignoring FS watcher based recycle request as this is a classic Windows app." date="2025-08-29T03:01:23.159" /><!-- duration: 16ms -->
          <step title="Deployment successful. DEPLOYMENTINFO: deploymentPath = Functions App ZipDeploy. Run from package., deployer = ZipDeploy, os = windows, sku = Dynamic, language = node, siteName = saxtech-metrics-api, slotName = Production, siteHostName = saxtech-metrics-api.azurewebsites.net, deploymentStatus = Success" date="2025-08-29T03:01:23.409" /><!-- duration: 47ms -->
        </step><!-- duration: 1797ms -->
      </step><!-- duration: 3047ms -->
      <step title="Cleaning up temp files" date="2025-08-29T03:01:24.127" /><!-- duration: 16ms -->
      <step title="Updating C:\home\data\SitePackages\packagename.txt with deployment 20250829030117.zip" date="2025-08-29T03:01:24.174" /><!-- duration: 70ms -->
      <step title="Begin HttpPost https://saxtech-metrics-api.scm.azurewebsites.net/operations/settriggers, x-ms-request-id: d116e2a3-66a9-406c-9d67-683965f41638" date="2025-08-29T03:01:24.291" /><!-- duration: 31ms -->
      <step title="End HttpPost, status: OK" date="2025-08-29T03:01:24.431" /><!-- duration: 16ms -->
      <step title="Scheduling background sync triggers after delay" date="2025-08-29T03:01:24.478" /><!-- duration: 31ms -->
    </step><!-- duration: 5632ms -->
    <step title="LockFile &apos;C:\home\site\locks\deployments.lock&apos; released" date="2025-08-29T03:01:24.775" /><!-- duration: 16ms -->
  </step><!-- duration: 7335ms -->
  <step title="Outgoing response" date="2025-08-29T03:01:24.869" type="response" statusCode="200" statusText="OK" Server="Microsoft-IIS/10.0" x-ms-request-id="d116e2a3-66a9-406c-9d67-683965f41638" Cache-Control="private" X-AspNet-Version="4.0.30319" /><!-- duration: 16ms -->
</step><!-- duration: 7491ms -->
