<step title="Incoming Request" date="2025-08-29T02:30:33.970" instance="361623" url="/api/zipdeploy" method="POST" type="request" pid="6500,2,7" Content-Length="16321641" Content-Type="application/zip" Authorization="Bea..." Host="saxtech-metrics-api.scm.azurewebsites.net" If-Match="*" User-Agent="functions-core-tools/4.0.7317" X-ARR-LOG-ID="c322b0ff-db01-4ba0-b2e6-2eee68a45b2b" CLIENT-IP="71.217.130.52:51601" X-SITE-DEPLOYMENT-ID="saxtech-metrics-api" WAS-DEFAULT-HOSTNAME="saxtech-metrics-api.scm.azurewebsites.net" X-Forwarded-Proto="https" X-AppService-Proto="https" X-Forwarded-TlsVersion="1.2" X-WAWS-Unencoded-URL="/api/zipdeploy" >
  <step title="ZipPushDeploy" date="2025-08-29T02:30:34.033" >
    <step title="Functions App ZipDeploy. Run from package." date="2025-08-29T02:30:34.095" /><!-- duration: 16ms -->
    <step title="Starting PushDeployAsync" date="2025-08-29T02:30:34.126" /><!-- duration: 31ms -->
    <step title="Updating shutdown sentinel last write time" date="2025-08-29T02:30:34.283" SemaphoreCount="7" /><!-- duration: 16ms -->
    <step title="LockFile &apos;C:\home\site\locks\deployments.lock&apos; acquired" date="2025-08-29T02:30:34.330" /><!-- duration: 16ms -->
    <step title="Saving request content to C:\home\data\SitePackages\20250829023034.zip" date="2025-08-29T02:30:34.376" >
      <step title="Total 16,321,641 bytes written to C:\home\data\SitePackages\20250829023034.zip" date="2025-08-29T02:30:34.720" /><!-- duration: 16ms -->
    </step><!-- duration: 953ms -->
    <step title="LockFile &apos;C:\home\site\locks\deployments.lock&apos; released" date="2025-08-29T02:30:35.361" /><!-- duration: 16ms -->
    <step title="Deleting shutdown sentinel file" date="2025-08-29T02:30:35.408" SemaphoreCount="8" /><!-- duration: 16ms -->
    <step title="Starting FetchDeploy" date="2025-08-29T02:30:35.439" /><!-- duration: 16ms -->
    <step title="Attempting to fetch target branch HEAD" date="2025-08-29T02:30:35.470" /><!-- duration: 16ms -->
    <step title="Updating shutdown sentinel last write time" date="2025-08-29T02:30:35.533" SemaphoreCount="7" /><!-- duration: 16ms -->
    <step title="LockFile &apos;C:\home\site\locks\deployments.lock&apos; acquired" date="2025-08-29T02:30:35.564" /><!-- duration: 16ms -->
    <step title="Performing fetch based deployment" date="2025-08-29T02:30:35.611" >
      <step title="Creating temporary deployment" date="2025-08-29T02:30:35.626" /><!-- duration: 125ms -->
      <step title="Fetching changes." date="2025-08-29T02:30:35.970" /><!-- duration: 16ms -->
      <step title="Starting LocalZipHandler" date="2025-08-29T02:30:36.033" /><!-- duration: 16ms -->
      <step title="Starting ExtractTriggers" date="2025-08-29T02:30:36.080" /><!-- duration: 31ms -->
      <step title="None repository commit" date="2025-08-29T02:30:37.267" >
        <step title="Commit id: 4a884b7cf93045b8870211f377aa40d4" date="2025-08-29T02:30:37.283" Message="Created via a push deployment" AuthorName="N/A" AuthorEmail="N/A" /><!-- duration: 16ms -->
      </step><!-- duration: 47ms -->
      <step title="Before sending BuildRequestReceived status to /api/updatedeploystatus" date="2025-08-29T02:30:37.330" /><!-- duration: 16ms -->
      <step title="DeploymentManager.Deploy(id:4a884b7cf93045b8870211f377aa40d4)" date="2025-08-29T02:30:37.376" >
        <step title="Collecting changeset information" date="2025-08-29T02:30:37.408" /><!-- duration: 141ms -->
        <step title="Updating submodules" date="2025-08-29T02:30:37.580" >
          <step title="Updating submodules." date="2025-08-29T02:30:37.720" /><!-- duration: 16ms -->
        </step><!-- duration: 187ms -->
        <step title="Preparing deployment for commit id &apos;4a884b7cf9&apos;." date="2025-08-29T02:30:37.923" /><!-- duration: 16ms -->
        <step title="Determining deployment builder" date="2025-08-29T02:30:38.111" >
          <step title="Builder is RunFromZipSiteBuilder" date="2025-08-29T02:30:38.126" /><!-- duration: 31ms -->
        </step><!-- duration: 62ms -->
        <step title="Copying SSH keys" date="2025-08-29T02:30:38.251" /><!-- duration: 31ms -->
        <step title="Building" date="2025-08-29T02:30:38.298" >
          <step title="Skipping build. Project type: Run-From-Zip" date="2025-08-29T02:30:38.454" /><!-- duration: 16ms -->
          <step title="Skipping post build. Project type: Run-From-Zip" date="2025-08-29T02:30:38.658" /><!-- duration: 31ms -->
          <step title="Triggering recycle (preview mode disabled)." date="2025-08-29T02:30:38.876" /><!-- duration: 16ms -->
          <step title="Ignoring FS watcher based recycle request as this is a classic Windows app." date="2025-08-29T02:30:38.923" /><!-- duration: 16ms -->
          <step title="Deployment successful. DEPLOYMENTINFO: deploymentPath = Functions App ZipDeploy. Run from package., deployer = ZipDeploy, os = windows, sku = Dynamic, language = node, siteName = saxtech-metrics-api, slotName = Production, siteHostName = saxtech-metrics-api.azurewebsites.net, deploymentStatus = Success" date="2025-08-29T02:30:39.111" /><!-- duration: 16ms -->
        </step><!-- duration: 1250ms -->
      </step><!-- duration: 2187ms -->
      <step title="Cleaning up temp files" date="2025-08-29T02:30:39.595" /><!-- duration: 16ms -->
      <step title="Updating C:\home\data\SitePackages\packagename.txt with deployment 20250829023034.zip" date="2025-08-29T02:30:39.626" /><!-- duration: 47ms -->
      <step title="Begin HttpPost https://saxtech-metrics-api.scm.azurewebsites.net/operations/settriggers, x-ms-request-id: c322b0ff-db01-4ba0-b2e6-2eee68a45b2b" date="2025-08-29T02:30:39.751" /><!-- duration: 16ms -->
      <step title="End HttpPost, status: OK" date="2025-08-29T02:30:40.001" /><!-- duration: 16ms -->
      <step title="Scheduling background sync triggers after delay" date="2025-08-29T02:30:40.033" /><!-- duration: 16ms -->
    </step><!-- duration: 4625ms -->
    <step title="LockFile &apos;C:\home\site\locks\deployments.lock&apos; released" date="2025-08-29T02:30:40.267" /><!-- duration: 16ms -->
  </step><!-- duration: 6281ms -->
  <step title="Outgoing response" date="2025-08-29T02:30:40.329" type="response" statusCode="200" statusText="OK" Server="Microsoft-IIS/10.0" x-ms-request-id="c322b0ff-db01-4ba0-b2e6-2eee68a45b2b" Cache-Control="private" X-AspNet-Version="4.0.30319" /><!-- duration: 31ms -->
</step><!-- duration: 6406ms -->
