<step title="Incoming Request" date="2025-08-29T18:15:14.521" instance="273a91" url="/api/zipdeploy" method="POST" type="request" pid="6152,2,9" Content-Length="18933452" Content-Type="application/zip" Authorization="Bea..." Host="saxtech-metrics-api.scm.azurewebsites.net" If-Match="*" User-Agent="functions-core-tools/4.0.7317" X-ARR-LOG-ID="91eac72c-c194-4fea-941f-c5293571360a" CLIENT-IP="71.217.130.52:62590" X-SITE-DEPLOYMENT-ID="saxtech-metrics-api" WAS-DEFAULT-HOSTNAME="saxtech-metrics-api.scm.azurewebsites.net" X-Forwarded-Proto="https" X-AppService-Proto="https" X-Forwarded-TlsVersion="1.2" X-WAWS-Unencoded-URL="/api/zipdeploy" >
  <step title="ZipPushDeploy" date="2025-08-29T18:15:14.615" >
    <step title="Functions App ZipDeploy. Run from package." date="2025-08-29T18:15:14.709" /><!-- duration: 16ms -->
    <step title="Starting PushDeployAsync" date="2025-08-29T18:15:14.740" /><!-- duration: 16ms -->
    <step title="Updating shutdown sentinel last write time" date="2025-08-29T18:15:14.803" SemaphoreCount="7" /><!-- duration: 31ms -->
    <step title="LockFile &apos;C:\home\site\locks\deployments.lock&apos; acquired" date="2025-08-29T18:15:14.849" /><!-- duration: 16ms -->
    <step title="Deleting outdated zip file C:\home\data\SitePackages\20250829175016.zip" date="2025-08-29T18:15:14.896" /><!-- duration: 47ms -->
    <step title="Saving request content to C:\home\data\SitePackages\20250829181514.zip" date="2025-08-29T18:15:14.959" >
      <step title="Total 18,933,452 bytes written to C:\home\data\SitePackages\20250829181514.zip" date="2025-08-29T18:15:16.007" /><!-- duration: 16ms -->
    </step><!-- duration: 1761ms -->
    <step title="LockFile &apos;C:\home\site\locks\deployments.lock&apos; released" date="2025-08-29T18:15:16.751" /><!-- duration: 16ms -->
    <step title="Deleting shutdown sentinel file" date="2025-08-29T18:15:16.813" SemaphoreCount="8" /><!-- duration: 16ms -->
    <step title="Starting FetchDeploy" date="2025-08-29T18:15:16.845" /><!-- duration: 16ms -->
    <step title="Attempting to fetch target branch HEAD" date="2025-08-29T18:15:16.892" /><!-- duration: 17ms -->
    <step title="Updating shutdown sentinel last write time" date="2025-08-29T18:15:16.938" SemaphoreCount="7" /><!-- duration: 16ms -->
    <step title="LockFile &apos;C:\home\site\locks\deployments.lock&apos; acquired" date="2025-08-29T18:15:16.970" /><!-- duration: 16ms -->
    <step title="Performing fetch based deployment" date="2025-08-29T18:15:17.017" >
      <step title="Creating temporary deployment" date="2025-08-29T18:15:17.032" /><!-- duration: 125ms -->
      <step title="Fetching changes." date="2025-08-29T18:15:17.376" /><!-- duration: 16ms -->
      <step title="Starting LocalZipHandler" date="2025-08-29T18:15:17.438" /><!-- duration: 31ms -->
      <step title="Starting ExtractTriggers" date="2025-08-29T18:15:17.501" /><!-- duration: 31ms -->
      <step title="None repository commit" date="2025-08-29T18:15:18.908" >
        <step title="Commit id: 5c6cb914d8b5416e91e9dcf3a3ec07bd" date="2025-08-29T18:15:18.923" Message="Created via a push deployment" AuthorName="N/A" AuthorEmail="N/A" /><!-- duration: 16ms -->
      </step><!-- duration: 62ms -->
      <step title="Before sending BuildRequestReceived status to /api/updatedeploystatus" date="2025-08-29T18:15:19.002" /><!-- duration: 31ms -->
      <step title="DeploymentManager.Deploy(id:5c6cb914d8b5416e91e9dcf3a3ec07bd)" date="2025-08-29T18:15:19.048" >
        <step title="Collecting changeset information" date="2025-08-29T18:15:19.111" /><!-- duration: 156ms -->
        <step title="Updating submodules" date="2025-08-29T18:15:19.283" >
          <step title="Updating submodules." date="2025-08-29T18:15:19.470" /><!-- duration: 16ms -->
        </step><!-- duration: 250ms -->
        <step title="Preparing deployment for commit id &apos;5c6cb914d8&apos;." date="2025-08-29T18:15:19.689" /><!-- duration: 16ms -->
        <step title="Determining deployment builder" date="2025-08-29T18:15:19.923" >
          <step title="Builder is RunFromZipSiteBuilder" date="2025-08-29T18:15:19.955" /><!-- duration: 16ms -->
        </step><!-- duration: 63ms -->
        <step title="Copying SSH keys" date="2025-08-29T18:15:20.081" /><!-- duration: 30ms -->
        <step title="Building" date="2025-08-29T18:15:20.127" >
          <step title="Skipping build. Project type: Run-From-Zip" date="2025-08-29T18:15:20.298" /><!-- duration: 31ms -->
          <step title="Skipping post build. Project type: Run-From-Zip" date="2025-08-29T18:15:20.517" /><!-- duration: 16ms -->
          <step title="Triggering recycle (preview mode disabled)." date="2025-08-29T18:15:20.752" /><!-- duration: 16ms -->
          <step title="Ignoring FS watcher based recycle request as this is a classic Windows app." date="2025-08-29T18:15:20.830" /><!-- duration: 16ms -->
          <step title="Deployment successful. DEPLOYMENTINFO: deploymentPath = Functions App ZipDeploy. Run from package., deployer = ZipDeploy, os = windows, sku = Dynamic, language = node, siteName = saxtech-metrics-api, slotName = Production, siteHostName = saxtech-metrics-api.azurewebsites.net, deploymentStatus = Success" date="2025-08-29T18:15:21.033" /><!-- duration: 31ms -->
        </step><!-- duration: 1516ms -->
      </step><!-- duration: 2609ms -->
      <step title="Cleaning up temp files" date="2025-08-29T18:15:21.673" /><!-- duration: 31ms -->
      <step title="Updating C:\home\data\SitePackages\packagename.txt with deployment 20250829181514.zip" date="2025-08-29T18:15:21.720" /><!-- duration: 63ms -->
      <step title="Begin HttpPost https://saxtech-metrics-api.scm.azurewebsites.net/operations/settriggers, x-ms-request-id: 91eac72c-c194-4fea-941f-c5293571360a" date="2025-08-29T18:15:21.814" /><!-- duration: 16ms -->
      <step title="End HttpPost, status: OK" date="2025-08-29T18:15:21.939" /><!-- duration: 16ms -->
      <step title="Scheduling background sync triggers after delay" date="2025-08-29T18:15:21.970" /><!-- duration: 31ms -->
    </step><!-- duration: 5188ms -->
    <step title="LockFile &apos;C:\home\site\locks\deployments.lock&apos; released" date="2025-08-29T18:15:22.236" /><!-- duration: 31ms -->
  </step><!-- duration: 7699ms -->
  <step title="Outgoing response" date="2025-08-29T18:15:22.330" type="response" statusCode="200" statusText="OK" Server="Microsoft-IIS/10.0" x-ms-request-id="91eac72c-c194-4fea-941f-c5293571360a" Cache-Control="private" X-AspNet-Version="4.0.30319" /><!-- duration: 31ms -->
</step><!-- duration: 7856ms -->
