<step title="Incoming Request" date="2025-08-29T17:45:35.478" instance="273a91" url="/api/zipdeploy" method="POST" type="request" pid="2920,2,9" Content-Length="18931238" Content-Type="application/zip" Authorization="Bea..." Host="saxtech-metrics-api.scm.azurewebsites.net" If-Match="*" User-Agent="functions-core-tools/4.0.7317" X-ARR-LOG-ID="d12de9eb-0c33-41c2-b8f4-4ba0685f2824" CLIENT-IP="71.217.130.52:54660" X-SITE-DEPLOYMENT-ID="saxtech-metrics-api" WAS-DEFAULT-HOSTNAME="saxtech-metrics-api.scm.azurewebsites.net" X-Forwarded-Proto="https" X-AppService-Proto="https" X-Forwarded-TlsVersion="1.2" X-WAWS-Unencoded-URL="/api/zipdeploy" >
  <step title="ZipPushDeploy" date="2025-08-29T17:45:35.587" >
    <step title="Functions App ZipDeploy. Run from package." date="2025-08-29T17:45:35.634" /><!-- duration: 16ms -->
    <step title="Starting PushDeployAsync" date="2025-08-29T17:45:35.665" /><!-- duration: 31ms -->
    <step title="Updating shutdown sentinel last write time" date="2025-08-29T17:45:35.837" SemaphoreCount="7" /><!-- duration: 31ms -->
    <step title="LockFile &apos;C:\home\site\locks\deployments.lock&apos; acquired" date="2025-08-29T17:45:35.884" /><!-- duration: 16ms -->
    <step title="Saving request content to C:\home\data\SitePackages\20250829174535.zip" date="2025-08-29T17:45:35.947" >
      <step title="Total 18,931,238 bytes written to C:\home\data\SitePackages\20250829174535.zip" date="2025-08-29T17:45:36.228" /><!-- duration: 16ms -->
    </step><!-- duration: 1069ms -->
    <step title="LockFile &apos;C:\home\site\locks\deployments.lock&apos; released" date="2025-08-29T17:45:37.047" /><!-- duration: 31ms -->
    <step title="Deleting shutdown sentinel file" date="2025-08-29T17:45:37.125" SemaphoreCount="8" /><!-- duration: 16ms -->
    <step title="Starting FetchDeploy" date="2025-08-29T17:45:37.172" /><!-- duration: 16ms -->
    <step title="Attempting to fetch target branch HEAD" date="2025-08-29T17:45:37.203" /><!-- duration: 16ms -->
    <step title="Updating shutdown sentinel last write time" date="2025-08-29T17:45:37.281" SemaphoreCount="7" /><!-- duration: 16ms -->
    <step title="LockFile &apos;C:\home\site\locks\deployments.lock&apos; acquired" date="2025-08-29T17:45:37.313" /><!-- duration: 31ms -->
    <step title="Performing fetch based deployment" date="2025-08-29T17:45:37.375" >
      <step title="Creating temporary deployment" date="2025-08-29T17:45:37.391" /><!-- duration: 125ms -->
      <step title="Fetching changes." date="2025-08-29T17:45:37.719" /><!-- duration: 16ms -->
      <step title="Starting LocalZipHandler" date="2025-08-29T17:45:37.781" /><!-- duration: 16ms -->
      <step title="Starting ExtractTriggers" date="2025-08-29T17:45:37.844" /><!-- duration: 16ms -->
      <step title="None repository commit" date="2025-08-29T17:45:39.329" >
        <step title="Commit id: 627e039de58c41c0b22c16ce8fcd39f0" date="2025-08-29T17:45:39.344" Message="Created via a push deployment" AuthorName="N/A" AuthorEmail="N/A" /><!-- duration: 16ms -->
      </step><!-- duration: 62ms -->
      <step title="Before sending BuildRequestReceived status to /api/updatedeploystatus" date="2025-08-29T17:45:39.409" /><!-- duration: 13ms -->
      <step title="DeploymentManager.Deploy(id:627e039de58c41c0b22c16ce8fcd39f0)" date="2025-08-29T17:45:39.454" >
        <step title="Collecting changeset information" date="2025-08-29T17:45:39.485" /><!-- duration: 156ms -->
        <step title="Updating submodules" date="2025-08-29T17:45:39.657" >
          <step title="Updating submodules." date="2025-08-29T17:45:39.829" /><!-- duration: 16ms -->
        </step><!-- duration: 219ms -->
        <step title="Preparing deployment for commit id &apos;627e039de5&apos;." date="2025-08-29T17:45:40.063" /><!-- duration: 17ms -->
        <step title="Determining deployment builder" date="2025-08-29T17:45:40.266" >
          <step title="Builder is RunFromZipSiteBuilder" date="2025-08-29T17:45:40.282" /><!-- duration: 16ms -->
        </step><!-- duration: 62ms -->
        <step title="Copying SSH keys" date="2025-08-29T17:45:40.375" /><!-- duration: 31ms -->
        <step title="Building" date="2025-08-29T17:45:40.438" >
          <step title="Skipping build. Project type: Run-From-Zip" date="2025-08-29T17:45:40.610" /><!-- duration: 16ms -->
          <step title="Skipping post build. Project type: Run-From-Zip" date="2025-08-29T17:45:40.860" /><!-- duration: 16ms -->
          <step title="Triggering recycle (preview mode disabled)." date="2025-08-29T17:45:41.094" /><!-- duration: 16ms -->
          <step title="Ignoring FS watcher based recycle request as this is a classic Windows app." date="2025-08-29T17:45:41.172" /><!-- duration: 16ms -->
          <step title="Deployment successful. DEPLOYMENTINFO: deploymentPath = Functions App ZipDeploy. Run from package., deployer = ZipDeploy, os = windows, sku = Dynamic, language = node, siteName = saxtech-metrics-api, slotName = Production, siteHostName = saxtech-metrics-api.azurewebsites.net, deploymentStatus = Success" date="2025-08-29T17:45:41.360" /><!-- duration: 16ms -->
        </step><!-- duration: 1438ms -->
      </step><!-- duration: 2437ms -->
      <step title="Cleaning up temp files" date="2025-08-29T17:45:41.907" /><!-- duration: 31ms -->
      <step title="Updating C:\home\data\SitePackages\packagename.txt with deployment 20250829174535.zip" date="2025-08-29T17:45:41.954" /><!-- duration: 47ms -->
      <step title="Begin HttpPost https://saxtech-metrics-api.scm.azurewebsites.net/operations/settriggers, x-ms-request-id: d12de9eb-0c33-41c2-b8f4-4ba0685f2824" date="2025-08-29T17:45:42.063" /><!-- duration: 31ms -->
      <step title="End HttpPost, status: OK" date="2025-08-29T17:45:42.235" /><!-- duration: 16ms -->
      <step title="Scheduling background sync triggers after delay" date="2025-08-29T17:45:42.266" /><!-- duration: 16ms -->
    </step><!-- duration: 5110ms -->
    <step title="LockFile &apos;C:\home\site\locks\deployments.lock&apos; released" date="2025-08-29T17:45:42.516" /><!-- duration: 16ms -->
  </step><!-- duration: 6991ms -->
  <step title="Outgoing response" date="2025-08-29T17:45:42.594" type="response" statusCode="200" statusText="OK" Server="Microsoft-IIS/10.0" x-ms-request-id="d12de9eb-0c33-41c2-b8f4-4ba0685f2824" Cache-Control="private" X-AspNet-Version="4.0.30319" /><!-- duration: 47ms -->
</step><!-- duration: 7179ms -->
