﻿<?xml version="1.0" encoding="utf-8"?>
<deployment>
  <id>82685484113b4838ab39f46294b6bc8a</id>
  <author>N/A</author>
  <deployer>ZipDeploy</deployer>
  <authorEmail>N/A</authorEmail>
  <message>Created via a push deployment</message>
  <progress></progress>
  <status>Success</status>
  <statusText></statusText>
  <lastSuccessEndTime>2025-08-29T18:13:25.4678247Z</lastSuccessEndTime>
  <receivedTime>2025-08-29T18:13:23.4678272Z</receivedTime>
  <startTime>2025-08-29T18:13:24.0303189Z</startTime>
  <endTime>2025-08-29T18:13:25.4678247Z</endTime>
  <complete>True</complete>
  <is_temp>False</is_temp>
  <is_readonly>True</is_readonly>
  <project_type>Run-From-Zip</project_type>
  <vsproject_id></vsproject_id>
</deployment>