﻿<?xml version="1.0" encoding="utf-8"?>
<deployment>
  <id>88d45806db90462f94ed2c48703b2061</id>
  <author>N/A</author>
  <deployer>ZipDeploy</deployer>
  <authorEmail>N/A</authorEmail>
  <message>Created via a push deployment</message>
  <progress></progress>
  <status>Success</status>
  <statusText></statusText>
  <lastSuccessEndTime>2025-08-29T18:00:49.1871794Z</lastSuccessEndTime>
  <receivedTime>2025-08-29T18:00:47.3221663Z</receivedTime>
  <startTime>2025-08-29T18:00:47.9058961Z</startTime>
  <endTime>2025-08-29T18:00:49.1871794Z</endTime>
  <complete>True</complete>
  <is_temp>False</is_temp>
  <is_readonly>True</is_readonly>
  <project_type>Run-From-Zip</project_type>
  <vsproject_id></vsproject_id>
</deployment>