﻿<?xml version="1.0" encoding="utf-8"?>
<deployment>
  <id>a91ce9cfab72401bb9209052734f3b5e</id>
  <author>N/A</author>
  <deployer>az_cli_functions</deployer>
  <authorEmail>N/A</authorEmail>
  <message>Created via a push deployment</message>
  <progress></progress>
  <status>Success</status>
  <statusText></statusText>
  <lastSuccessEndTime>2025-08-29T05:54:50.6572326Z</lastSuccessEndTime>
  <receivedTime>2025-08-29T05:54:48.6103807Z</receivedTime>
  <startTime>2025-08-29T05:54:49.297877Z</startTime>
  <endTime>2025-08-29T05:54:50.6572326Z</endTime>
  <complete>True</complete>
  <is_temp>False</is_temp>
  <is_readonly>True</is_readonly>
  <project_type>Run-From-Zip</project_type>
  <vsproject_id></vsproject_id>
</deployment>