﻿<?xml version="1.0" encoding="utf-8"?>
<deployment>
  <id>99730b19d9bd41f2a02687e47badee4b</id>
  <author>N/A</author>
  <deployer>ZipDeploy</deployer>
  <authorEmail>N/A</authorEmail>
  <message>Created via a push deployment</message>
  <progress></progress>
  <status>Success</status>
  <statusText></statusText>
  <lastSuccessEndTime>2025-08-29T17:46:38.0158601Z</lastSuccessEndTime>
  <receivedTime>2025-08-29T17:46:36.1408667Z</receivedTime>
  <startTime>2025-08-29T17:46:36.7971111Z</startTime>
  <endTime>2025-08-29T17:46:38.0158601Z</endTime>
  <complete>True</complete>
  <is_temp>False</is_temp>
  <is_readonly>True</is_readonly>
  <project_type>Run-From-Zip</project_type>
  <vsproject_id></vsproject_id>
</deployment>