﻿<?xml version="1.0" encoding="utf-8"?>
<deployment>
  <id>627e039de58c41c0b22c16ce8fcd39f0</id>
  <author>N/A</author>
  <deployer>ZipDeploy</deployer>
  <authorEmail>N/A</authorEmail>
  <message>Created via a push deployment</message>
  <progress></progress>
  <status>Success</status>
  <statusText></statusText>
  <lastSuccessEndTime>2025-08-29T17:45:41.4853747Z</lastSuccessEndTime>
  <receivedTime>2025-08-29T17:45:39.5478569Z</receivedTime>
  <startTime>2025-08-29T17:45:40.172855Z</startTime>
  <endTime>2025-08-29T17:45:41.4853747Z</endTime>
  <complete>True</complete>
  <is_temp>False</is_temp>
  <is_readonly>True</is_readonly>
  <project_type>Run-From-Zip</project_type>
  <vsproject_id></vsproject_id>
</deployment>