﻿<?xml version="1.0" encoding="utf-8"?>
<deployment>
  <id>94052ee1ff6e48c8912f4d62d165b2b3</id>
  <author>N/A</author>
  <deployer>az_cli_functions</deployer>
  <authorEmail>N/A</authorEmail>
  <message>Created via a push deployment</message>
  <progress></progress>
  <status>Success</status>
  <statusText></statusText>
  <lastSuccessEndTime>2025-08-29T01:42:19.5848669Z</lastSuccessEndTime>
  <receivedTime>2025-08-29T01:42:15.2806397Z</receivedTime>
  <startTime>2025-08-29T01:42:15.7962678Z</startTime>
  <endTime>2025-08-29T01:42:19.5848669Z</endTime>
  <complete>True</complete>
  <is_temp>False</is_temp>
  <is_readonly>True</is_readonly>
  <project_type>BASIC</project_type>
  <vsproject_id></vsproject_id>
</deployment>